no,file,place,season,time,prompt
1,field-spring-morning,田園,春,朝,日本の香川県の田舎の風景イラストを1枚、横長(1536×1024)で描いてください。やわらかい線の手描き風で、少しざらっとした紙の質感、色数を抑えた落ち着いた配色。写実的にしない。文字・看板の文字・ロゴ・人の顔・実在の建物や名所は描かない。人物を入れる場合は遠くの小さな後ろ姿だけ。場所: 田園(田んぼが広がる平地、あぜ道、遠くにおむすび型の低い山)。季節: 春(菜の花と桜、若葉、水を張る前の田んぼ)。時間帯: 朝(朝もや、やさしい斜めの光、淡い水色の空)。構図: 大事なものは画面の中央に置く(上下を切って横3:1にしても、左右を切って4:3にしても主役が残るように)。上の4分の1は空だけにする(文字やロゴを重ねるため)。アクセントの色は #b8325f に近い色を少しだけ使う。
2,field-spring-day,田園,春,昼,日本の香川県の田舎の風景イラストを1枚、横長(1536×1024)で描いてください。やわらかい線の手描き風で、少しざらっとした紙の質感、色数を抑えた落ち着いた配色。写実的にしない。文字・看板の文字・ロゴ・人の顔・実在の建物や名所は描かない。人物を入れる場合は遠くの小さな後ろ姿だけ。場所: 田園(田んぼが広がる平地、あぜ道、遠くにおむすび型の低い山)。季節: 春(菜の花と桜、若葉、水を張る前の田んぼ)。時間帯: 昼(明るい日差し、澄んだ青空、くっきりした影)。構図: 大事なものは画面の中央に置く(上下を切って横3:1にしても、左右を切って4:3にしても主役が残るように)。上の4分の1は空だけにする(文字やロゴを重ねるため)。アクセントの色は #b8325f に近い色を少しだけ使う。
3,field-spring-evening,田園,春,夕,日本の香川県の田舎の風景イラストを1枚、横長(1536×1024)で描いてください。やわらかい線の手描き風で、少しざらっとした紙の質感、色数を抑えた落ち着いた配色。写実的にしない。文字・看板の文字・ロゴ・人の顔・実在の建物や名所は描かない。人物を入れる場合は遠くの小さな後ろ姿だけ。場所: 田園(田んぼが広がる平地、あぜ道、遠くにおむすび型の低い山)。季節: 春(菜の花と桜、若葉、水を張る前の田んぼ)。時間帯: 夕(オレンジの夕焼け空、長い影、家々にともり始める灯り)。構図: 大事なものは画面の中央に置く(上下を切って横3:1にしても、左右を切って4:3にしても主役が残るように)。上の4分の1は空だけにする(文字やロゴを重ねるため)。アクセントの色は #b8325f に近い色を少しだけ使う。
4,field-spring-night,田園,春,夜,日本の香川県の田舎の風景イラストを1枚、横長(1536×1024)で描いてください。やわらかい線の手描き風で、少しざらっとした紙の質感、色数を抑えた落ち着いた配色。写実的にしない。文字・看板の文字・ロゴ・人の顔・実在の建物や名所は描かない。人物を入れる場合は遠くの小さな後ろ姿だけ。場所: 田園(田んぼが広がる平地、あぜ道、遠くにおむすび型の低い山)。季節: 春(菜の花と桜、若葉、水を張る前の田んぼ)。時間帯: 夜(紺色の夜空、星と月、家の窓の灯り、全体に暗く静か)。構図: 大事なものは画面の中央に置く(上下を切って横3:1にしても、左右を切って4:3にしても主役が残るように)。上の4分の1は空だけにする(文字やロゴを重ねるため)。アクセントの色は #b8325f に近い色を少しだけ使う。
5,field-summer-morning,田園,夏,朝,日本の香川県の田舎の風景イラストを1枚、横長(1536×1024)で描いてください。やわらかい線の手描き風で、少しざらっとした紙の質感、色数を抑えた落ち着いた配色。写実的にしない。文字・看板の文字・ロゴ・人の顔・実在の建物や名所は描かない。人物を入れる場合は遠くの小さな後ろ姿だけ。場所: 田園(田んぼが広がる平地、あぜ道、遠くにおむすび型の低い山)。季節: 夏(青々とした稲、入道雲、濃い緑)。時間帯: 朝(朝もや、やさしい斜めの光、淡い水色の空)。構図: 大事なものは画面の中央に置く(上下を切って横3:1にしても、左右を切って4:3にしても主役が残るように)。上の4分の1は空だけにする(文字やロゴを重ねるため)。アクセントの色は #1b7352 に近い色を少しだけ使う。
6,field-summer-day,田園,夏,昼,日本の香川県の田舎の風景イラストを1枚、横長(1536×1024)で描いてください。やわらかい線の手描き風で、少しざらっとした紙の質感、色数を抑えた落ち着いた配色。写実的にしない。文字・看板の文字・ロゴ・人の顔・実在の建物や名所は描かない。人物を入れる場合は遠くの小さな後ろ姿だけ。場所: 田園(田んぼが広がる平地、あぜ道、遠くにおむすび型の低い山)。季節: 夏(青々とした稲、入道雲、濃い緑)。時間帯: 昼(明るい日差し、澄んだ青空、くっきりした影)。構図: 大事なものは画面の中央に置く(上下を切って横3:1にしても、左右を切って4:3にしても主役が残るように)。上の4分の1は空だけにする(文字やロゴを重ねるため)。アクセントの色は #1b7352 に近い色を少しだけ使う。
7,field-summer-evening,田園,夏,夕,日本の香川県の田舎の風景イラストを1枚、横長(1536×1024)で描いてください。やわらかい線の手描き風で、少しざらっとした紙の質感、色数を抑えた落ち着いた配色。写実的にしない。文字・看板の文字・ロゴ・人の顔・実在の建物や名所は描かない。人物を入れる場合は遠くの小さな後ろ姿だけ。場所: 田園(田んぼが広がる平地、あぜ道、遠くにおむすび型の低い山)。季節: 夏(青々とした稲、入道雲、濃い緑)。時間帯: 夕(オレンジの夕焼け空、長い影、家々にともり始める灯り)。構図: 大事なものは画面の中央に置く(上下を切って横3:1にしても、左右を切って4:3にしても主役が残るように)。上の4分の1は空だけにする(文字やロゴを重ねるため)。アクセントの色は #1b7352 に近い色を少しだけ使う。
8,field-summer-night,田園,夏,夜,日本の香川県の田舎の風景イラストを1枚、横長(1536×1024)で描いてください。やわらかい線の手描き風で、少しざらっとした紙の質感、色数を抑えた落ち着いた配色。写実的にしない。文字・看板の文字・ロゴ・人の顔・実在の建物や名所は描かない。人物を入れる場合は遠くの小さな後ろ姿だけ。場所: 田園(田んぼが広がる平地、あぜ道、遠くにおむすび型の低い山)。季節: 夏(青々とした稲、入道雲、濃い緑)。時間帯: 夜(紺色の夜空、星と月、家の窓の灯り、全体に暗く静か)。構図: 大事なものは画面の中央に置く(上下を切って横3:1にしても、左右を切って4:3にしても主役が残るように)。上の4分の1は空だけにする(文字やロゴを重ねるため)。アクセントの色は #1b7352 に近い色を少しだけ使う。
9,field-autumn-morning,田園,秋,朝,日本の香川県の田舎の風景イラストを1枚、横長(1536×1024)で描いてください。やわらかい線の手描き風で、少しざらっとした紙の質感、色数を抑えた落ち着いた配色。写実的にしない。文字・看板の文字・ロゴ・人の顔・実在の建物や名所は描かない。人物を入れる場合は遠くの小さな後ろ姿だけ。場所: 田園(田んぼが広がる平地、あぜ道、遠くにおむすび型の低い山)。季節: 秋(黄金色の稲穂と稲架、彼岸花、色づく木々)。時間帯: 朝(朝もや、やさしい斜めの光、淡い水色の空)。構図: 大事なものは画面の中央に置く(上下を切って横3:1にしても、左右を切って4:3にしても主役が残るように)。上の4分の1は空だけにする(文字やロゴを重ねるため)。アクセントの色は #b24a0c に近い色を少しだけ使う。
10,field-autumn-day,田園,秋,昼,日本の香川県の田舎の風景イラストを1枚、横長(1536×1024)で描いてください。やわらかい線の手描き風で、少しざらっとした紙の質感、色数を抑えた落ち着いた配色。写実的にしない。文字・看板の文字・ロゴ・人の顔・実在の建物や名所は描かない。人物を入れる場合は遠くの小さな後ろ姿だけ。場所: 田園(田んぼが広がる平地、あぜ道、遠くにおむすび型の低い山)。季節: 秋(黄金色の稲穂と稲架、彼岸花、色づく木々)。時間帯: 昼(明るい日差し、澄んだ青空、くっきりした影)。構図: 大事なものは画面の中央に置く(上下を切って横3:1にしても、左右を切って4:3にしても主役が残るように)。上の4分の1は空だけにする(文字やロゴを重ねるため)。アクセントの色は #b24a0c に近い色を少しだけ使う。
11,field-autumn-evening,田園,秋,夕,日本の香川県の田舎の風景イラストを1枚、横長(1536×1024)で描いてください。やわらかい線の手描き風で、少しざらっとした紙の質感、色数を抑えた落ち着いた配色。写実的にしない。文字・看板の文字・ロゴ・人の顔・実在の建物や名所は描かない。人物を入れる場合は遠くの小さな後ろ姿だけ。場所: 田園(田んぼが広がる平地、あぜ道、遠くにおむすび型の低い山)。季節: 秋(黄金色の稲穂と稲架、彼岸花、色づく木々)。時間帯: 夕(オレンジの夕焼け空、長い影、家々にともり始める灯り)。構図: 大事なものは画面の中央に置く(上下を切って横3:1にしても、左右を切って4:3にしても主役が残るように)。上の4分の1は空だけにする(文字やロゴを重ねるため)。アクセントの色は #b24a0c に近い色を少しだけ使う。
12,field-autumn-night,田園,秋,夜,日本の香川県の田舎の風景イラストを1枚、横長(1536×1024)で描いてください。やわらかい線の手描き風で、少しざらっとした紙の質感、色数を抑えた落ち着いた配色。写実的にしない。文字・看板の文字・ロゴ・人の顔・実在の建物や名所は描かない。人物を入れる場合は遠くの小さな後ろ姿だけ。場所: 田園(田んぼが広がる平地、あぜ道、遠くにおむすび型の低い山)。季節: 秋(黄金色の稲穂と稲架、彼岸花、色づく木々)。時間帯: 夜(紺色の夜空、星と月、家の窓の灯り、全体に暗く静か)。構図: 大事なものは画面の中央に置く(上下を切って横3:1にしても、左右を切って4:3にしても主役が残るように)。上の4分の1は空だけにする(文字やロゴを重ねるため)。アクセントの色は #b24a0c に近い色を少しだけ使う。
13,field-winter-morning,田園,冬,朝,日本の香川県の田舎の風景イラストを1枚、横長(1536×1024)で描いてください。やわらかい線の手描き風で、少しざらっとした紙の質感、色数を抑えた落ち着いた配色。写実的にしない。文字・看板の文字・ロゴ・人の顔・実在の建物や名所は描かない。人物を入れる場合は遠くの小さな後ろ姿だけ。場所: 田園(田んぼが広がる平地、あぜ道、遠くにおむすび型の低い山)。季節: 冬(刈り取った後の田んぼ、霜、うっすら雪、みかんの木)。時間帯: 朝(朝もや、やさしい斜めの光、淡い水色の空)。構図: 大事なものは画面の中央に置く(上下を切って横3:1にしても、左右を切って4:3にしても主役が残るように)。上の4分の1は空だけにする(文字やロゴを重ねるため)。アクセントの色は #2d5a99 に近い色を少しだけ使う。
14,field-winter-day,田園,冬,昼,日本の香川県の田舎の風景イラストを1枚、横長(1536×1024)で描いてください。やわらかい線の手描き風で、少しざらっとした紙の質感、色数を抑えた落ち着いた配色。写実的にしない。文字・看板の文字・ロゴ・人の顔・実在の建物や名所は描かない。人物を入れる場合は遠くの小さな後ろ姿だけ。場所: 田園(田んぼが広がる平地、あぜ道、遠くにおむすび型の低い山)。季節: 冬(刈り取った後の田んぼ、霜、うっすら雪、みかんの木)。時間帯: 昼(明るい日差し、澄んだ青空、くっきりした影)。構図: 大事なものは画面の中央に置く(上下を切って横3:1にしても、左右を切って4:3にしても主役が残るように)。上の4分の1は空だけにする(文字やロゴを重ねるため)。アクセントの色は #2d5a99 に近い色を少しだけ使う。
15,field-winter-evening,田園,冬,夕,日本の香川県の田舎の風景イラストを1枚、横長(1536×1024)で描いてください。やわらかい線の手描き風で、少しざらっとした紙の質感、色数を抑えた落ち着いた配色。写実的にしない。文字・看板の文字・ロゴ・人の顔・実在の建物や名所は描かない。人物を入れる場合は遠くの小さな後ろ姿だけ。場所: 田園(田んぼが広がる平地、あぜ道、遠くにおむすび型の低い山)。季節: 冬(刈り取った後の田んぼ、霜、うっすら雪、みかんの木)。時間帯: 夕(オレンジの夕焼け空、長い影、家々にともり始める灯り)。構図: 大事なものは画面の中央に置く(上下を切って横3:1にしても、左右を切って4:3にしても主役が残るように)。上の4分の1は空だけにする(文字やロゴを重ねるため)。アクセントの色は #2d5a99 に近い色を少しだけ使う。
16,field-winter-night,田園,冬,夜,日本の香川県の田舎の風景イラストを1枚、横長(1536×1024)で描いてください。やわらかい線の手描き風で、少しざらっとした紙の質感、色数を抑えた落ち着いた配色。写実的にしない。文字・看板の文字・ロゴ・人の顔・実在の建物や名所は描かない。人物を入れる場合は遠くの小さな後ろ姿だけ。場所: 田園(田んぼが広がる平地、あぜ道、遠くにおむすび型の低い山)。季節: 冬(刈り取った後の田んぼ、霜、うっすら雪、みかんの木)。時間帯: 夜(紺色の夜空、星と月、家の窓の灯り、全体に暗く静か)。構図: 大事なものは画面の中央に置く(上下を切って横3:1にしても、左右を切って4:3にしても主役が残るように)。上の4分の1は空だけにする(文字やロゴを重ねるため)。アクセントの色は #2d5a99 に近い色を少しだけ使う。
17,island-spring-morning,島と海,春,朝,日本の香川県の田舎の風景イラストを1枚、横長(1536×1024)で描いてください。やわらかい線の手描き風で、少しざらっとした紙の質感、色数を抑えた落ち着いた配色。写実的にしない。文字・看板の文字・ロゴ・人の顔・実在の建物や名所は描かない。人物を入れる場合は遠くの小さな後ろ姿だけ。場所: 島と海(瀬戸内の穏やかな海、小さな島々、小さな漁港と桟橋)。季節: 春(菜の花と桜、若葉、水を張る前の田んぼ)。時間帯: 朝(朝もや、やさしい斜めの光、淡い水色の空)。構図: 大事なものは画面の中央に置く(上下を切って横3:1にしても、左右を切って4:3にしても主役が残るように)。上の4分の1は空だけにする(文字やロゴを重ねるため)。アクセントの色は #b8325f に近い色を少しだけ使う。
18,island-spring-day,島と海,春,昼,日本の香川県の田舎の風景イラストを1枚、横長(1536×1024)で描いてください。やわらかい線の手描き風で、少しざらっとした紙の質感、色数を抑えた落ち着いた配色。写実的にしない。文字・看板の文字・ロゴ・人の顔・実在の建物や名所は描かない。人物を入れる場合は遠くの小さな後ろ姿だけ。場所: 島と海(瀬戸内の穏やかな海、小さな島々、小さな漁港と桟橋)。季節: 春(菜の花と桜、若葉、水を張る前の田んぼ)。時間帯: 昼(明るい日差し、澄んだ青空、くっきりした影)。構図: 大事なものは画面の中央に置く(上下を切って横3:1にしても、左右を切って4:3にしても主役が残るように)。上の4分の1は空だけにする(文字やロゴを重ねるため)。アクセントの色は #b8325f に近い色を少しだけ使う。
19,island-spring-evening,島と海,春,夕,日本の香川県の田舎の風景イラストを1枚、横長(1536×1024)で描いてください。やわらかい線の手描き風で、少しざらっとした紙の質感、色数を抑えた落ち着いた配色。写実的にしない。文字・看板の文字・ロゴ・人の顔・実在の建物や名所は描かない。人物を入れる場合は遠くの小さな後ろ姿だけ。場所: 島と海(瀬戸内の穏やかな海、小さな島々、小さな漁港と桟橋)。季節: 春(菜の花と桜、若葉、水を張る前の田んぼ)。時間帯: 夕(オレンジの夕焼け空、長い影、家々にともり始める灯り)。構図: 大事なものは画面の中央に置く(上下を切って横3:1にしても、左右を切って4:3にしても主役が残るように)。上の4分の1は空だけにする(文字やロゴを重ねるため)。アクセントの色は #b8325f に近い色を少しだけ使う。
20,island-spring-night,島と海,春,夜,日本の香川県の田舎の風景イラストを1枚、横長(1536×1024)で描いてください。やわらかい線の手描き風で、少しざらっとした紙の質感、色数を抑えた落ち着いた配色。写実的にしない。文字・看板の文字・ロゴ・人の顔・実在の建物や名所は描かない。人物を入れる場合は遠くの小さな後ろ姿だけ。場所: 島と海(瀬戸内の穏やかな海、小さな島々、小さな漁港と桟橋)。季節: 春(菜の花と桜、若葉、水を張る前の田んぼ)。時間帯: 夜(紺色の夜空、星と月、家の窓の灯り、全体に暗く静か)。構図: 大事なものは画面の中央に置く(上下を切って横3:1にしても、左右を切って4:3にしても主役が残るように)。上の4分の1は空だけにする(文字やロゴを重ねるため)。アクセントの色は #b8325f に近い色を少しだけ使う。
21,island-summer-morning,島と海,夏,朝,日本の香川県の田舎の風景イラストを1枚、横長(1536×1024)で描いてください。やわらかい線の手描き風で、少しざらっとした紙の質感、色数を抑えた落ち着いた配色。写実的にしない。文字・看板の文字・ロゴ・人の顔・実在の建物や名所は描かない。人物を入れる場合は遠くの小さな後ろ姿だけ。場所: 島と海(瀬戸内の穏やかな海、小さな島々、小さな漁港と桟橋)。季節: 夏(青々とした稲、入道雲、濃い緑)。時間帯: 朝(朝もや、やさしい斜めの光、淡い水色の空)。構図: 大事なものは画面の中央に置く(上下を切って横3:1にしても、左右を切って4:3にしても主役が残るように)。上の4分の1は空だけにする(文字やロゴを重ねるため)。アクセントの色は #1b7352 に近い色を少しだけ使う。
22,island-summer-day,島と海,夏,昼,日本の香川県の田舎の風景イラストを1枚、横長(1536×1024)で描いてください。やわらかい線の手描き風で、少しざらっとした紙の質感、色数を抑えた落ち着いた配色。写実的にしない。文字・看板の文字・ロゴ・人の顔・実在の建物や名所は描かない。人物を入れる場合は遠くの小さな後ろ姿だけ。場所: 島と海(瀬戸内の穏やかな海、小さな島々、小さな漁港と桟橋)。季節: 夏(青々とした稲、入道雲、濃い緑)。時間帯: 昼(明るい日差し、澄んだ青空、くっきりした影)。構図: 大事なものは画面の中央に置く(上下を切って横3:1にしても、左右を切って4:3にしても主役が残るように)。上の4分の1は空だけにする(文字やロゴを重ねるため)。アクセントの色は #1b7352 に近い色を少しだけ使う。
23,island-summer-evening,島と海,夏,夕,日本の香川県の田舎の風景イラストを1枚、横長(1536×1024)で描いてください。やわらかい線の手描き風で、少しざらっとした紙の質感、色数を抑えた落ち着いた配色。写実的にしない。文字・看板の文字・ロゴ・人の顔・実在の建物や名所は描かない。人物を入れる場合は遠くの小さな後ろ姿だけ。場所: 島と海(瀬戸内の穏やかな海、小さな島々、小さな漁港と桟橋)。季節: 夏(青々とした稲、入道雲、濃い緑)。時間帯: 夕(オレンジの夕焼け空、長い影、家々にともり始める灯り)。構図: 大事なものは画面の中央に置く(上下を切って横3:1にしても、左右を切って4:3にしても主役が残るように)。上の4分の1は空だけにする(文字やロゴを重ねるため)。アクセントの色は #1b7352 に近い色を少しだけ使う。
24,island-summer-night,島と海,夏,夜,日本の香川県の田舎の風景イラストを1枚、横長(1536×1024)で描いてください。やわらかい線の手描き風で、少しざらっとした紙の質感、色数を抑えた落ち着いた配色。写実的にしない。文字・看板の文字・ロゴ・人の顔・実在の建物や名所は描かない。人物を入れる場合は遠くの小さな後ろ姿だけ。場所: 島と海(瀬戸内の穏やかな海、小さな島々、小さな漁港と桟橋)。季節: 夏(青々とした稲、入道雲、濃い緑)。時間帯: 夜(紺色の夜空、星と月、家の窓の灯り、全体に暗く静か)。構図: 大事なものは画面の中央に置く(上下を切って横3:1にしても、左右を切って4:3にしても主役が残るように)。上の4分の1は空だけにする(文字やロゴを重ねるため)。アクセントの色は #1b7352 に近い色を少しだけ使う。
25,island-autumn-morning,島と海,秋,朝,日本の香川県の田舎の風景イラストを1枚、横長(1536×1024)で描いてください。やわらかい線の手描き風で、少しざらっとした紙の質感、色数を抑えた落ち着いた配色。写実的にしない。文字・看板の文字・ロゴ・人の顔・実在の建物や名所は描かない。人物を入れる場合は遠くの小さな後ろ姿だけ。場所: 島と海(瀬戸内の穏やかな海、小さな島々、小さな漁港と桟橋)。季節: 秋(黄金色の稲穂と稲架、彼岸花、色づく木々)。時間帯: 朝(朝もや、やさしい斜めの光、淡い水色の空)。構図: 大事なものは画面の中央に置く(上下を切って横3:1にしても、左右を切って4:3にしても主役が残るように)。上の4分の1は空だけにする(文字やロゴを重ねるため)。アクセントの色は #b24a0c に近い色を少しだけ使う。
26,island-autumn-day,島と海,秋,昼,日本の香川県の田舎の風景イラストを1枚、横長(1536×1024)で描いてください。やわらかい線の手描き風で、少しざらっとした紙の質感、色数を抑えた落ち着いた配色。写実的にしない。文字・看板の文字・ロゴ・人の顔・実在の建物や名所は描かない。人物を入れる場合は遠くの小さな後ろ姿だけ。場所: 島と海(瀬戸内の穏やかな海、小さな島々、小さな漁港と桟橋)。季節: 秋(黄金色の稲穂と稲架、彼岸花、色づく木々)。時間帯: 昼(明るい日差し、澄んだ青空、くっきりした影)。構図: 大事なものは画面の中央に置く(上下を切って横3:1にしても、左右を切って4:3にしても主役が残るように)。上の4分の1は空だけにする(文字やロゴを重ねるため)。アクセントの色は #b24a0c に近い色を少しだけ使う。
27,island-autumn-evening,島と海,秋,夕,日本の香川県の田舎の風景イラストを1枚、横長(1536×1024)で描いてください。やわらかい線の手描き風で、少しざらっとした紙の質感、色数を抑えた落ち着いた配色。写実的にしない。文字・看板の文字・ロゴ・人の顔・実在の建物や名所は描かない。人物を入れる場合は遠くの小さな後ろ姿だけ。場所: 島と海(瀬戸内の穏やかな海、小さな島々、小さな漁港と桟橋)。季節: 秋(黄金色の稲穂と稲架、彼岸花、色づく木々)。時間帯: 夕(オレンジの夕焼け空、長い影、家々にともり始める灯り)。構図: 大事なものは画面の中央に置く(上下を切って横3:1にしても、左右を切って4:3にしても主役が残るように)。上の4分の1は空だけにする(文字やロゴを重ねるため)。アクセントの色は #b24a0c に近い色を少しだけ使う。
28,island-autumn-night,島と海,秋,夜,日本の香川県の田舎の風景イラストを1枚、横長(1536×1024)で描いてください。やわらかい線の手描き風で、少しざらっとした紙の質感、色数を抑えた落ち着いた配色。写実的にしない。文字・看板の文字・ロゴ・人の顔・実在の建物や名所は描かない。人物を入れる場合は遠くの小さな後ろ姿だけ。場所: 島と海(瀬戸内の穏やかな海、小さな島々、小さな漁港と桟橋)。季節: 秋(黄金色の稲穂と稲架、彼岸花、色づく木々)。時間帯: 夜(紺色の夜空、星と月、家の窓の灯り、全体に暗く静か)。構図: 大事なものは画面の中央に置く(上下を切って横3:1にしても、左右を切って4:3にしても主役が残るように)。上の4分の1は空だけにする(文字やロゴを重ねるため)。アクセントの色は #b24a0c に近い色を少しだけ使う。
29,island-winter-morning,島と海,冬,朝,日本の香川県の田舎の風景イラストを1枚、横長(1536×1024)で描いてください。やわらかい線の手描き風で、少しざらっとした紙の質感、色数を抑えた落ち着いた配色。写実的にしない。文字・看板の文字・ロゴ・人の顔・実在の建物や名所は描かない。人物を入れる場合は遠くの小さな後ろ姿だけ。場所: 島と海(瀬戸内の穏やかな海、小さな島々、小さな漁港と桟橋)。季節: 冬(刈り取った後の田んぼ、霜、うっすら雪、みかんの木)。時間帯: 朝(朝もや、やさしい斜めの光、淡い水色の空)。構図: 大事なものは画面の中央に置く(上下を切って横3:1にしても、左右を切って4:3にしても主役が残るように)。上の4分の1は空だけにする(文字やロゴを重ねるため)。アクセントの色は #2d5a99 に近い色を少しだけ使う。
30,island-winter-day,島と海,冬,昼,日本の香川県の田舎の風景イラストを1枚、横長(1536×1024)で描いてください。やわらかい線の手描き風で、少しざらっとした紙の質感、色数を抑えた落ち着いた配色。写実的にしない。文字・看板の文字・ロゴ・人の顔・実在の建物や名所は描かない。人物を入れる場合は遠くの小さな後ろ姿だけ。場所: 島と海(瀬戸内の穏やかな海、小さな島々、小さな漁港と桟橋)。季節: 冬(刈り取った後の田んぼ、霜、うっすら雪、みかんの木)。時間帯: 昼(明るい日差し、澄んだ青空、くっきりした影)。構図: 大事なものは画面の中央に置く(上下を切って横3:1にしても、左右を切って4:3にしても主役が残るように)。上の4分の1は空だけにする(文字やロゴを重ねるため)。アクセントの色は #2d5a99 に近い色を少しだけ使う。
31,island-winter-evening,島と海,冬,夕,日本の香川県の田舎の風景イラストを1枚、横長(1536×1024)で描いてください。やわらかい線の手描き風で、少しざらっとした紙の質感、色数を抑えた落ち着いた配色。写実的にしない。文字・看板の文字・ロゴ・人の顔・実在の建物や名所は描かない。人物を入れる場合は遠くの小さな後ろ姿だけ。場所: 島と海(瀬戸内の穏やかな海、小さな島々、小さな漁港と桟橋)。季節: 冬(刈り取った後の田んぼ、霜、うっすら雪、みかんの木)。時間帯: 夕(オレンジの夕焼け空、長い影、家々にともり始める灯り)。構図: 大事なものは画面の中央に置く(上下を切って横3:1にしても、左右を切って4:3にしても主役が残るように)。上の4分の1は空だけにする(文字やロゴを重ねるため)。アクセントの色は #2d5a99 に近い色を少しだけ使う。
32,island-winter-night,島と海,冬,夜,日本の香川県の田舎の風景イラストを1枚、横長(1536×1024)で描いてください。やわらかい線の手描き風で、少しざらっとした紙の質感、色数を抑えた落ち着いた配色。写実的にしない。文字・看板の文字・ロゴ・人の顔・実在の建物や名所は描かない。人物を入れる場合は遠くの小さな後ろ姿だけ。場所: 島と海(瀬戸内の穏やかな海、小さな島々、小さな漁港と桟橋)。季節: 冬(刈り取った後の田んぼ、霜、うっすら雪、みかんの木)。時間帯: 夜(紺色の夜空、星と月、家の窓の灯り、全体に暗く静か)。構図: 大事なものは画面の中央に置く(上下を切って横3:1にしても、左右を切って4:3にしても主役が残るように)。上の4分の1は空だけにする(文字やロゴを重ねるため)。アクセントの色は #2d5a99 に近い色を少しだけ使う。
33,mountain-spring-morning,山あい,春,朝,日本の香川県の田舎の風景イラストを1枚、横長(1536×1024)で描いてください。やわらかい線の手描き風で、少しざらっとした紙の質感、色数を抑えた落ち着いた配色。写実的にしない。文字・看板の文字・ロゴ・人の顔・実在の建物や名所は描かない。人物を入れる場合は遠くの小さな後ろ姿だけ。場所: 山あい(山あいの棚田、ため池、細い山道、杉と雑木の山)。季節: 春(菜の花と桜、若葉、水を張る前の田んぼ)。時間帯: 朝(朝もや、やさしい斜めの光、淡い水色の空)。構図: 大事なものは画面の中央に置く(上下を切って横3:1にしても、左右を切って4:3にしても主役が残るように)。上の4分の1は空だけにする(文字やロゴを重ねるため)。アクセントの色は #b8325f に近い色を少しだけ使う。
34,mountain-spring-day,山あい,春,昼,日本の香川県の田舎の風景イラストを1枚、横長(1536×1024)で描いてください。やわらかい線の手描き風で、少しざらっとした紙の質感、色数を抑えた落ち着いた配色。写実的にしない。文字・看板の文字・ロゴ・人の顔・実在の建物や名所は描かない。人物を入れる場合は遠くの小さな後ろ姿だけ。場所: 山あい(山あいの棚田、ため池、細い山道、杉と雑木の山)。季節: 春(菜の花と桜、若葉、水を張る前の田んぼ)。時間帯: 昼(明るい日差し、澄んだ青空、くっきりした影)。構図: 大事なものは画面の中央に置く(上下を切って横3:1にしても、左右を切って4:3にしても主役が残るように)。上の4分の1は空だけにする(文字やロゴを重ねるため)。アクセントの色は #b8325f に近い色を少しだけ使う。
35,mountain-spring-evening,山あい,春,夕,日本の香川県の田舎の風景イラストを1枚、横長(1536×1024)で描いてください。やわらかい線の手描き風で、少しざらっとした紙の質感、色数を抑えた落ち着いた配色。写実的にしない。文字・看板の文字・ロゴ・人の顔・実在の建物や名所は描かない。人物を入れる場合は遠くの小さな後ろ姿だけ。場所: 山あい(山あいの棚田、ため池、細い山道、杉と雑木の山)。季節: 春(菜の花と桜、若葉、水を張る前の田んぼ)。時間帯: 夕(オレンジの夕焼け空、長い影、家々にともり始める灯り)。構図: 大事なものは画面の中央に置く(上下を切って横3:1にしても、左右を切って4:3にしても主役が残るように)。上の4分の1は空だけにする(文字やロゴを重ねるため)。アクセントの色は #b8325f に近い色を少しだけ使う。
36,mountain-spring-night,山あい,春,夜,日本の香川県の田舎の風景イラストを1枚、横長(1536×1024)で描いてください。やわらかい線の手描き風で、少しざらっとした紙の質感、色数を抑えた落ち着いた配色。写実的にしない。文字・看板の文字・ロゴ・人の顔・実在の建物や名所は描かない。人物を入れる場合は遠くの小さな後ろ姿だけ。場所: 山あい(山あいの棚田、ため池、細い山道、杉と雑木の山)。季節: 春(菜の花と桜、若葉、水を張る前の田んぼ)。時間帯: 夜(紺色の夜空、星と月、家の窓の灯り、全体に暗く静か)。構図: 大事なものは画面の中央に置く(上下を切って横3:1にしても、左右を切って4:3にしても主役が残るように)。上の4分の1は空だけにする(文字やロゴを重ねるため)。アクセントの色は #b8325f に近い色を少しだけ使う。
37,mountain-summer-morning,山あい,夏,朝,日本の香川県の田舎の風景イラストを1枚、横長(1536×1024)で描いてください。やわらかい線の手描き風で、少しざらっとした紙の質感、色数を抑えた落ち着いた配色。写実的にしない。文字・看板の文字・ロゴ・人の顔・実在の建物や名所は描かない。人物を入れる場合は遠くの小さな後ろ姿だけ。場所: 山あい(山あいの棚田、ため池、細い山道、杉と雑木の山)。季節: 夏(青々とした稲、入道雲、濃い緑)。時間帯: 朝(朝もや、やさしい斜めの光、淡い水色の空)。構図: 大事なものは画面の中央に置く(上下を切って横3:1にしても、左右を切って4:3にしても主役が残るように)。上の4分の1は空だけにする(文字やロゴを重ねるため)。アクセントの色は #1b7352 に近い色を少しだけ使う。
38,mountain-summer-day,山あい,夏,昼,日本の香川県の田舎の風景イラストを1枚、横長(1536×1024)で描いてください。やわらかい線の手描き風で、少しざらっとした紙の質感、色数を抑えた落ち着いた配色。写実的にしない。文字・看板の文字・ロゴ・人の顔・実在の建物や名所は描かない。人物を入れる場合は遠くの小さな後ろ姿だけ。場所: 山あい(山あいの棚田、ため池、細い山道、杉と雑木の山)。季節: 夏(青々とした稲、入道雲、濃い緑)。時間帯: 昼(明るい日差し、澄んだ青空、くっきりした影)。構図: 大事なものは画面の中央に置く(上下を切って横3:1にしても、左右を切って4:3にしても主役が残るように)。上の4分の1は空だけにする(文字やロゴを重ねるため)。アクセントの色は #1b7352 に近い色を少しだけ使う。
39,mountain-summer-evening,山あい,夏,夕,日本の香川県の田舎の風景イラストを1枚、横長(1536×1024)で描いてください。やわらかい線の手描き風で、少しざらっとした紙の質感、色数を抑えた落ち着いた配色。写実的にしない。文字・看板の文字・ロゴ・人の顔・実在の建物や名所は描かない。人物を入れる場合は遠くの小さな後ろ姿だけ。場所: 山あい(山あいの棚田、ため池、細い山道、杉と雑木の山)。季節: 夏(青々とした稲、入道雲、濃い緑)。時間帯: 夕(オレンジの夕焼け空、長い影、家々にともり始める灯り)。構図: 大事なものは画面の中央に置く(上下を切って横3:1にしても、左右を切って4:3にしても主役が残るように)。上の4分の1は空だけにする(文字やロゴを重ねるため)。アクセントの色は #1b7352 に近い色を少しだけ使う。
40,mountain-summer-night,山あい,夏,夜,日本の香川県の田舎の風景イラストを1枚、横長(1536×1024)で描いてください。やわらかい線の手描き風で、少しざらっとした紙の質感、色数を抑えた落ち着いた配色。写実的にしない。文字・看板の文字・ロゴ・人の顔・実在の建物や名所は描かない。人物を入れる場合は遠くの小さな後ろ姿だけ。場所: 山あい(山あいの棚田、ため池、細い山道、杉と雑木の山)。季節: 夏(青々とした稲、入道雲、濃い緑)。時間帯: 夜(紺色の夜空、星と月、家の窓の灯り、全体に暗く静か)。構図: 大事なものは画面の中央に置く(上下を切って横3:1にしても、左右を切って4:3にしても主役が残るように)。上の4分の1は空だけにする(文字やロゴを重ねるため)。アクセントの色は #1b7352 に近い色を少しだけ使う。
41,mountain-autumn-morning,山あい,秋,朝,日本の香川県の田舎の風景イラストを1枚、横長(1536×1024)で描いてください。やわらかい線の手描き風で、少しざらっとした紙の質感、色数を抑えた落ち着いた配色。写実的にしない。文字・看板の文字・ロゴ・人の顔・実在の建物や名所は描かない。人物を入れる場合は遠くの小さな後ろ姿だけ。場所: 山あい(山あいの棚田、ため池、細い山道、杉と雑木の山)。季節: 秋(黄金色の稲穂と稲架、彼岸花、色づく木々)。時間帯: 朝(朝もや、やさしい斜めの光、淡い水色の空)。構図: 大事なものは画面の中央に置く(上下を切って横3:1にしても、左右を切って4:3にしても主役が残るように)。上の4分の1は空だけにする(文字やロゴを重ねるため)。アクセントの色は #b24a0c に近い色を少しだけ使う。
42,mountain-autumn-day,山あい,秋,昼,日本の香川県の田舎の風景イラストを1枚、横長(1536×1024)で描いてください。やわらかい線の手描き風で、少しざらっとした紙の質感、色数を抑えた落ち着いた配色。写実的にしない。文字・看板の文字・ロゴ・人の顔・実在の建物や名所は描かない。人物を入れる場合は遠くの小さな後ろ姿だけ。場所: 山あい(山あいの棚田、ため池、細い山道、杉と雑木の山)。季節: 秋(黄金色の稲穂と稲架、彼岸花、色づく木々)。時間帯: 昼(明るい日差し、澄んだ青空、くっきりした影)。構図: 大事なものは画面の中央に置く(上下を切って横3:1にしても、左右を切って4:3にしても主役が残るように)。上の4分の1は空だけにする(文字やロゴを重ねるため)。アクセントの色は #b24a0c に近い色を少しだけ使う。
43,mountain-autumn-evening,山あい,秋,夕,日本の香川県の田舎の風景イラストを1枚、横長(1536×1024)で描いてください。やわらかい線の手描き風で、少しざらっとした紙の質感、色数を抑えた落ち着いた配色。写実的にしない。文字・看板の文字・ロゴ・人の顔・実在の建物や名所は描かない。人物を入れる場合は遠くの小さな後ろ姿だけ。場所: 山あい(山あいの棚田、ため池、細い山道、杉と雑木の山)。季節: 秋(黄金色の稲穂と稲架、彼岸花、色づく木々)。時間帯: 夕(オレンジの夕焼け空、長い影、家々にともり始める灯り)。構図: 大事なものは画面の中央に置く(上下を切って横3:1にしても、左右を切って4:3にしても主役が残るように)。上の4分の1は空だけにする(文字やロゴを重ねるため)。アクセントの色は #b24a0c に近い色を少しだけ使う。
44,mountain-autumn-night,山あい,秋,夜,日本の香川県の田舎の風景イラストを1枚、横長(1536×1024)で描いてください。やわらかい線の手描き風で、少しざらっとした紙の質感、色数を抑えた落ち着いた配色。写実的にしない。文字・看板の文字・ロゴ・人の顔・実在の建物や名所は描かない。人物を入れる場合は遠くの小さな後ろ姿だけ。場所: 山あい(山あいの棚田、ため池、細い山道、杉と雑木の山)。季節: 秋(黄金色の稲穂と稲架、彼岸花、色づく木々)。時間帯: 夜(紺色の夜空、星と月、家の窓の灯り、全体に暗く静か)。構図: 大事なものは画面の中央に置く(上下を切って横3:1にしても、左右を切って4:3にしても主役が残るように)。上の4分の1は空だけにする(文字やロゴを重ねるため)。アクセントの色は #b24a0c に近い色を少しだけ使う。
45,mountain-winter-morning,山あい,冬,朝,日本の香川県の田舎の風景イラストを1枚、横長(1536×1024)で描いてください。やわらかい線の手描き風で、少しざらっとした紙の質感、色数を抑えた落ち着いた配色。写実的にしない。文字・看板の文字・ロゴ・人の顔・実在の建物や名所は描かない。人物を入れる場合は遠くの小さな後ろ姿だけ。場所: 山あい(山あいの棚田、ため池、細い山道、杉と雑木の山)。季節: 冬(刈り取った後の田んぼ、霜、うっすら雪、みかんの木)。時間帯: 朝(朝もや、やさしい斜めの光、淡い水色の空)。構図: 大事なものは画面の中央に置く(上下を切って横3:1にしても、左右を切って4:3にしても主役が残るように)。上の4分の1は空だけにする(文字やロゴを重ねるため)。アクセントの色は #2d5a99 に近い色を少しだけ使う。
46,mountain-winter-day,山あい,冬,昼,日本の香川県の田舎の風景イラストを1枚、横長(1536×1024)で描いてください。やわらかい線の手描き風で、少しざらっとした紙の質感、色数を抑えた落ち着いた配色。写実的にしない。文字・看板の文字・ロゴ・人の顔・実在の建物や名所は描かない。人物を入れる場合は遠くの小さな後ろ姿だけ。場所: 山あい(山あいの棚田、ため池、細い山道、杉と雑木の山)。季節: 冬(刈り取った後の田んぼ、霜、うっすら雪、みかんの木)。時間帯: 昼(明るい日差し、澄んだ青空、くっきりした影)。構図: 大事なものは画面の中央に置く(上下を切って横3:1にしても、左右を切って4:3にしても主役が残るように)。上の4分の1は空だけにする(文字やロゴを重ねるため)。アクセントの色は #2d5a99 に近い色を少しだけ使う。
47,mountain-winter-evening,山あい,冬,夕,日本の香川県の田舎の風景イラストを1枚、横長(1536×1024)で描いてください。やわらかい線の手描き風で、少しざらっとした紙の質感、色数を抑えた落ち着いた配色。写実的にしない。文字・看板の文字・ロゴ・人の顔・実在の建物や名所は描かない。人物を入れる場合は遠くの小さな後ろ姿だけ。場所: 山あい(山あいの棚田、ため池、細い山道、杉と雑木の山)。季節: 冬(刈り取った後の田んぼ、霜、うっすら雪、みかんの木)。時間帯: 夕(オレンジの夕焼け空、長い影、家々にともり始める灯り)。構図: 大事なものは画面の中央に置く(上下を切って横3:1にしても、左右を切って4:3にしても主役が残るように)。上の4分の1は空だけにする(文字やロゴを重ねるため)。アクセントの色は #2d5a99 に近い色を少しだけ使う。
48,mountain-winter-night,山あい,冬,夜,日本の香川県の田舎の風景イラストを1枚、横長(1536×1024)で描いてください。やわらかい線の手描き風で、少しざらっとした紙の質感、色数を抑えた落ち着いた配色。写実的にしない。文字・看板の文字・ロゴ・人の顔・実在の建物や名所は描かない。人物を入れる場合は遠くの小さな後ろ姿だけ。場所: 山あい(山あいの棚田、ため池、細い山道、杉と雑木の山)。季節: 冬(刈り取った後の田んぼ、霜、うっすら雪、みかんの木)。時間帯: 夜(紺色の夜空、星と月、家の窓の灯り、全体に暗く静か)。構図: 大事なものは画面の中央に置く(上下を切って横3:1にしても、左右を切って4:3にしても主役が残るように)。上の4分の1は空だけにする(文字やロゴを重ねるため)。アクセントの色は #2d5a99 に近い色を少しだけ使う。
49,village-spring-morning,集落,春,朝,日本の香川県の田舎の風景イラストを1枚、横長(1536×1024)で描いてください。やわらかい線の手描き風で、少しざらっとした紙の質感、色数を抑えた落ち着いた配色。写実的にしない。文字・看板の文字・ロゴ・人の顔・実在の建物や名所は描かない。人物を入れる場合は遠くの小さな後ろ姿だけ。場所: 集落(瓦屋根の家が寄り合う小さな集落、小さな神社の鳥居、細い路地)。季節: 春(菜の花と桜、若葉、水を張る前の田んぼ)。時間帯: 朝(朝もや、やさしい斜めの光、淡い水色の空)。構図: 大事なものは画面の中央に置く(上下を切って横3:1にしても、左右を切って4:3にしても主役が残るように)。上の4分の1は空だけにする(文字やロゴを重ねるため)。アクセントの色は #b8325f に近い色を少しだけ使う。
50,village-spring-day,集落,春,昼,日本の香川県の田舎の風景イラストを1枚、横長(1536×1024)で描いてください。やわらかい線の手描き風で、少しざらっとした紙の質感、色数を抑えた落ち着いた配色。写実的にしない。文字・看板の文字・ロゴ・人の顔・実在の建物や名所は描かない。人物を入れる場合は遠くの小さな後ろ姿だけ。場所: 集落(瓦屋根の家が寄り合う小さな集落、小さな神社の鳥居、細い路地)。季節: 春(菜の花と桜、若葉、水を張る前の田んぼ)。時間帯: 昼(明るい日差し、澄んだ青空、くっきりした影)。構図: 大事なものは画面の中央に置く(上下を切って横3:1にしても、左右を切って4:3にしても主役が残るように)。上の4分の1は空だけにする(文字やロゴを重ねるため)。アクセントの色は #b8325f に近い色を少しだけ使う。
51,village-spring-evening,集落,春,夕,日本の香川県の田舎の風景イラストを1枚、横長(1536×1024)で描いてください。やわらかい線の手描き風で、少しざらっとした紙の質感、色数を抑えた落ち着いた配色。写実的にしない。文字・看板の文字・ロゴ・人の顔・実在の建物や名所は描かない。人物を入れる場合は遠くの小さな後ろ姿だけ。場所: 集落(瓦屋根の家が寄り合う小さな集落、小さな神社の鳥居、細い路地)。季節: 春(菜の花と桜、若葉、水を張る前の田んぼ)。時間帯: 夕(オレンジの夕焼け空、長い影、家々にともり始める灯り)。構図: 大事なものは画面の中央に置く(上下を切って横3:1にしても、左右を切って4:3にしても主役が残るように)。上の4分の1は空だけにする(文字やロゴを重ねるため)。アクセントの色は #b8325f に近い色を少しだけ使う。
52,village-spring-night,集落,春,夜,日本の香川県の田舎の風景イラストを1枚、横長(1536×1024)で描いてください。やわらかい線の手描き風で、少しざらっとした紙の質感、色数を抑えた落ち着いた配色。写実的にしない。文字・看板の文字・ロゴ・人の顔・実在の建物や名所は描かない。人物を入れる場合は遠くの小さな後ろ姿だけ。場所: 集落(瓦屋根の家が寄り合う小さな集落、小さな神社の鳥居、細い路地)。季節: 春(菜の花と桜、若葉、水を張る前の田んぼ)。時間帯: 夜(紺色の夜空、星と月、家の窓の灯り、全体に暗く静か)。構図: 大事なものは画面の中央に置く(上下を切って横3:1にしても、左右を切って4:3にしても主役が残るように)。上の4分の1は空だけにする(文字やロゴを重ねるため)。アクセントの色は #b8325f に近い色を少しだけ使う。
53,village-summer-morning,集落,夏,朝,日本の香川県の田舎の風景イラストを1枚、横長(1536×1024)で描いてください。やわらかい線の手描き風で、少しざらっとした紙の質感、色数を抑えた落ち着いた配色。写実的にしない。文字・看板の文字・ロゴ・人の顔・実在の建物や名所は描かない。人物を入れる場合は遠くの小さな後ろ姿だけ。場所: 集落(瓦屋根の家が寄り合う小さな集落、小さな神社の鳥居、細い路地)。季節: 夏(青々とした稲、入道雲、濃い緑)。時間帯: 朝(朝もや、やさしい斜めの光、淡い水色の空)。構図: 大事なものは画面の中央に置く(上下を切って横3:1にしても、左右を切って4:3にしても主役が残るように)。上の4分の1は空だけにする(文字やロゴを重ねるため)。アクセントの色は #1b7352 に近い色を少しだけ使う。
54,village-summer-day,集落,夏,昼,日本の香川県の田舎の風景イラストを1枚、横長(1536×1024)で描いてください。やわらかい線の手描き風で、少しざらっとした紙の質感、色数を抑えた落ち着いた配色。写実的にしない。文字・看板の文字・ロゴ・人の顔・実在の建物や名所は描かない。人物を入れる場合は遠くの小さな後ろ姿だけ。場所: 集落(瓦屋根の家が寄り合う小さな集落、小さな神社の鳥居、細い路地)。季節: 夏(青々とした稲、入道雲、濃い緑)。時間帯: 昼(明るい日差し、澄んだ青空、くっきりした影)。構図: 大事なものは画面の中央に置く(上下を切って横3:1にしても、左右を切って4:3にしても主役が残るように)。上の4分の1は空だけにする(文字やロゴを重ねるため)。アクセントの色は #1b7352 に近い色を少しだけ使う。
55,village-summer-evening,集落,夏,夕,日本の香川県の田舎の風景イラストを1枚、横長(1536×1024)で描いてください。やわらかい線の手描き風で、少しざらっとした紙の質感、色数を抑えた落ち着いた配色。写実的にしない。文字・看板の文字・ロゴ・人の顔・実在の建物や名所は描かない。人物を入れる場合は遠くの小さな後ろ姿だけ。場所: 集落(瓦屋根の家が寄り合う小さな集落、小さな神社の鳥居、細い路地)。季節: 夏(青々とした稲、入道雲、濃い緑)。時間帯: 夕(オレンジの夕焼け空、長い影、家々にともり始める灯り)。構図: 大事なものは画面の中央に置く(上下を切って横3:1にしても、左右を切って4:3にしても主役が残るように)。上の4分の1は空だけにする(文字やロゴを重ねるため)。アクセントの色は #1b7352 に近い色を少しだけ使う。
56,village-summer-night,集落,夏,夜,日本の香川県の田舎の風景イラストを1枚、横長(1536×1024)で描いてください。やわらかい線の手描き風で、少しざらっとした紙の質感、色数を抑えた落ち着いた配色。写実的にしない。文字・看板の文字・ロゴ・人の顔・実在の建物や名所は描かない。人物を入れる場合は遠くの小さな後ろ姿だけ。場所: 集落(瓦屋根の家が寄り合う小さな集落、小さな神社の鳥居、細い路地)。季節: 夏(青々とした稲、入道雲、濃い緑)。時間帯: 夜(紺色の夜空、星と月、家の窓の灯り、全体に暗く静か)。構図: 大事なものは画面の中央に置く(上下を切って横3:1にしても、左右を切って4:3にしても主役が残るように)。上の4分の1は空だけにする(文字やロゴを重ねるため)。アクセントの色は #1b7352 に近い色を少しだけ使う。
57,village-autumn-morning,集落,秋,朝,日本の香川県の田舎の風景イラストを1枚、横長(1536×1024)で描いてください。やわらかい線の手描き風で、少しざらっとした紙の質感、色数を抑えた落ち着いた配色。写実的にしない。文字・看板の文字・ロゴ・人の顔・実在の建物や名所は描かない。人物を入れる場合は遠くの小さな後ろ姿だけ。場所: 集落(瓦屋根の家が寄り合う小さな集落、小さな神社の鳥居、細い路地)。季節: 秋(黄金色の稲穂と稲架、彼岸花、色づく木々)。時間帯: 朝(朝もや、やさしい斜めの光、淡い水色の空)。構図: 大事なものは画面の中央に置く(上下を切って横3:1にしても、左右を切って4:3にしても主役が残るように)。上の4分の1は空だけにする(文字やロゴを重ねるため)。アクセントの色は #b24a0c に近い色を少しだけ使う。
58,village-autumn-day,集落,秋,昼,日本の香川県の田舎の風景イラストを1枚、横長(1536×1024)で描いてください。やわらかい線の手描き風で、少しざらっとした紙の質感、色数を抑えた落ち着いた配色。写実的にしない。文字・看板の文字・ロゴ・人の顔・実在の建物や名所は描かない。人物を入れる場合は遠くの小さな後ろ姿だけ。場所: 集落(瓦屋根の家が寄り合う小さな集落、小さな神社の鳥居、細い路地)。季節: 秋(黄金色の稲穂と稲架、彼岸花、色づく木々)。時間帯: 昼(明るい日差し、澄んだ青空、くっきりした影)。構図: 大事なものは画面の中央に置く(上下を切って横3:1にしても、左右を切って4:3にしても主役が残るように)。上の4分の1は空だけにする(文字やロゴを重ねるため)。アクセントの色は #b24a0c に近い色を少しだけ使う。
59,village-autumn-evening,集落,秋,夕,日本の香川県の田舎の風景イラストを1枚、横長(1536×1024)で描いてください。やわらかい線の手描き風で、少しざらっとした紙の質感、色数を抑えた落ち着いた配色。写実的にしない。文字・看板の文字・ロゴ・人の顔・実在の建物や名所は描かない。人物を入れる場合は遠くの小さな後ろ姿だけ。場所: 集落(瓦屋根の家が寄り合う小さな集落、小さな神社の鳥居、細い路地)。季節: 秋(黄金色の稲穂と稲架、彼岸花、色づく木々)。時間帯: 夕(オレンジの夕焼け空、長い影、家々にともり始める灯り)。構図: 大事なものは画面の中央に置く(上下を切って横3:1にしても、左右を切って4:3にしても主役が残るように)。上の4分の1は空だけにする(文字やロゴを重ねるため)。アクセントの色は #b24a0c に近い色を少しだけ使う。
60,village-autumn-night,集落,秋,夜,日本の香川県の田舎の風景イラストを1枚、横長(1536×1024)で描いてください。やわらかい線の手描き風で、少しざらっとした紙の質感、色数を抑えた落ち着いた配色。写実的にしない。文字・看板の文字・ロゴ・人の顔・実在の建物や名所は描かない。人物を入れる場合は遠くの小さな後ろ姿だけ。場所: 集落(瓦屋根の家が寄り合う小さな集落、小さな神社の鳥居、細い路地)。季節: 秋(黄金色の稲穂と稲架、彼岸花、色づく木々)。時間帯: 夜(紺色の夜空、星と月、家の窓の灯り、全体に暗く静か)。構図: 大事なものは画面の中央に置く(上下を切って横3:1にしても、左右を切って4:3にしても主役が残るように)。上の4分の1は空だけにする(文字やロゴを重ねるため)。アクセントの色は #b24a0c に近い色を少しだけ使う。
61,village-winter-morning,集落,冬,朝,日本の香川県の田舎の風景イラストを1枚、横長(1536×1024)で描いてください。やわらかい線の手描き風で、少しざらっとした紙の質感、色数を抑えた落ち着いた配色。写実的にしない。文字・看板の文字・ロゴ・人の顔・実在の建物や名所は描かない。人物を入れる場合は遠くの小さな後ろ姿だけ。場所: 集落(瓦屋根の家が寄り合う小さな集落、小さな神社の鳥居、細い路地)。季節: 冬(刈り取った後の田んぼ、霜、うっすら雪、みかんの木)。時間帯: 朝(朝もや、やさしい斜めの光、淡い水色の空)。構図: 大事なものは画面の中央に置く(上下を切って横3:1にしても、左右を切って4:3にしても主役が残るように)。上の4分の1は空だけにする(文字やロゴを重ねるため)。アクセントの色は #2d5a99 に近い色を少しだけ使う。
62,village-winter-day,集落,冬,昼,日本の香川県の田舎の風景イラストを1枚、横長(1536×1024)で描いてください。やわらかい線の手描き風で、少しざらっとした紙の質感、色数を抑えた落ち着いた配色。写実的にしない。文字・看板の文字・ロゴ・人の顔・実在の建物や名所は描かない。人物を入れる場合は遠くの小さな後ろ姿だけ。場所: 集落(瓦屋根の家が寄り合う小さな集落、小さな神社の鳥居、細い路地)。季節: 冬(刈り取った後の田んぼ、霜、うっすら雪、みかんの木)。時間帯: 昼(明るい日差し、澄んだ青空、くっきりした影)。構図: 大事なものは画面の中央に置く(上下を切って横3:1にしても、左右を切って4:3にしても主役が残るように)。上の4分の1は空だけにする(文字やロゴを重ねるため)。アクセントの色は #2d5a99 に近い色を少しだけ使う。
63,village-winter-evening,集落,冬,夕,日本の香川県の田舎の風景イラストを1枚、横長(1536×1024)で描いてください。やわらかい線の手描き風で、少しざらっとした紙の質感、色数を抑えた落ち着いた配色。写実的にしない。文字・看板の文字・ロゴ・人の顔・実在の建物や名所は描かない。人物を入れる場合は遠くの小さな後ろ姿だけ。場所: 集落(瓦屋根の家が寄り合う小さな集落、小さな神社の鳥居、細い路地)。季節: 冬(刈り取った後の田んぼ、霜、うっすら雪、みかんの木)。時間帯: 夕(オレンジの夕焼け空、長い影、家々にともり始める灯り)。構図: 大事なものは画面の中央に置く(上下を切って横3:1にしても、左右を切って4:3にしても主役が残るように)。上の4分の1は空だけにする(文字やロゴを重ねるため)。アクセントの色は #2d5a99 に近い色を少しだけ使う。
64,village-winter-night,集落,冬,夜,日本の香川県の田舎の風景イラストを1枚、横長(1536×1024)で描いてください。やわらかい線の手描き風で、少しざらっとした紙の質感、色数を抑えた落ち着いた配色。写実的にしない。文字・看板の文字・ロゴ・人の顔・実在の建物や名所は描かない。人物を入れる場合は遠くの小さな後ろ姿だけ。場所: 集落(瓦屋根の家が寄り合う小さな集落、小さな神社の鳥居、細い路地)。季節: 冬(刈り取った後の田んぼ、霜、うっすら雪、みかんの木)。時間帯: 夜(紺色の夜空、星と月、家の窓の灯り、全体に暗く静か)。構図: 大事なものは画面の中央に置く(上下を切って横3:1にしても、左右を切って4:3にしても主役が残るように)。上の4分の1は空だけにする(文字やロゴを重ねるため)。アクセントの色は #2d5a99 に近い色を少しだけ使う。
