id,era,former_name,former_kana,former_kind,abolished_on,merger_type,merged_into,current_city_name,current_city_code,parent_former_id,also_current_city_names,also_current_city_codes,also_parent_former_ids,source_urls,confidence,notes
1,heisei,大川町,おおかわちょう,町,2002-04-01,新設合併,さぬき市,さぬき市,372064,,,,,https://ja.wikipedia.org/wiki/%E9%A6%99%E5%B7%9D%E7%9C%8C%E3%81%AE%E5%BB%83%E6%AD%A2%E5%B8%82%E7%94%BA%E6%9D%91%E4%B8%80%E8%A6%A7 https://ja.wikipedia.org/wiki/%E5%A4%A7%E5%B7%9D%E7%94%BA_%28%E9%A6%99%E5%B7%9D%E7%9C%8C%29 https://uub.jp/upd/kagawa.html https://uub.jp/upd/u/u540.html https://www.soumu.go.jp/main_content/000283317.xls https://www.soumu.go.jp/gapei/gapei_h11iko.html https://www.soumu.go.jp/gapei/hensen_kagawa.html,high,旧郡: 大川郡
2,heisei,寒川町,さんがわちょう,町,2002-04-01,新設合併,さぬき市,さぬき市,372064,,,,,https://ja.wikipedia.org/wiki/%E9%A6%99%E5%B7%9D%E7%9C%8C%E3%81%AE%E5%BB%83%E6%AD%A2%E5%B8%82%E7%94%BA%E6%9D%91%E4%B8%80%E8%A6%A7 https://ja.wikipedia.org/wiki/%E5%AF%92%E5%B7%9D%E7%94%BA_%28%E9%A6%99%E5%B7%9D%E7%9C%8C%29 https://uub.jp/upd/kagawa.html https://uub.jp/upd/u/u540.html https://www.soumu.go.jp/main_content/000283317.xls https://www.soumu.go.jp/gapei/gapei_h11iko.html https://www.soumu.go.jp/gapei/hensen_kagawa.html,high,旧郡: 大川郡
3,heisei,志度町,しどちょう,町,2002-04-01,新設合併,さぬき市,さぬき市,372064,,,,,https://ja.wikipedia.org/wiki/%E9%A6%99%E5%B7%9D%E7%9C%8C%E3%81%AE%E5%BB%83%E6%AD%A2%E5%B8%82%E7%94%BA%E6%9D%91%E4%B8%80%E8%A6%A7 https://ja.wikipedia.org/wiki/%E5%BF%97%E5%BA%A6%E7%94%BA https://uub.jp/upd/kagawa.html https://uub.jp/upd/u/u540.html https://www.soumu.go.jp/main_content/000283317.xls https://www.soumu.go.jp/gapei/gapei_h11iko.html https://www.soumu.go.jp/gapei/hensen_kagawa.html,high,旧郡: 大川郡
4,heisei,津田町,つだちょう,町,2002-04-01,新設合併,さぬき市,さぬき市,372064,,,,,https://ja.wikipedia.org/wiki/%E9%A6%99%E5%B7%9D%E7%9C%8C%E3%81%AE%E5%BB%83%E6%AD%A2%E5%B8%82%E7%94%BA%E6%9D%91%E4%B8%80%E8%A6%A7 https://ja.wikipedia.org/wiki/%E6%B4%A5%E7%94%B0%E7%94%BA_%28%E9%A6%99%E5%B7%9D%E7%9C%8C%29 https://uub.jp/upd/kagawa.html https://uub.jp/upd/u/u540.html https://www.soumu.go.jp/main_content/000283317.xls https://www.soumu.go.jp/gapei/gapei_h11iko.html https://www.soumu.go.jp/gapei/hensen_kagawa.html,high,旧郡: 大川郡
5,heisei,長尾町,ながおちょう,町,2002-04-01,新設合併,さぬき市,さぬき市,372064,,,,,https://ja.wikipedia.org/wiki/%E9%A6%99%E5%B7%9D%E7%9C%8C%E3%81%AE%E5%BB%83%E6%AD%A2%E5%B8%82%E7%94%BA%E6%9D%91%E4%B8%80%E8%A6%A7 https://ja.wikipedia.org/wiki/%E9%95%B7%E5%B0%BE%E7%94%BA_%28%E9%A6%99%E5%B7%9D%E7%9C%8C%29 https://uub.jp/upd/kagawa.html https://uub.jp/upd/u/u540.html https://www.soumu.go.jp/main_content/000283317.xls https://www.soumu.go.jp/gapei/gapei_h11iko.html https://www.soumu.go.jp/gapei/hensen_kagawa.html,high,旧郡: 大川郡
6,heisei,大内町,おおちちょう,町,2003-04-01,新設合併,東かがわ市,東かがわ市,372072,,,,,https://ja.wikipedia.org/wiki/%E9%A6%99%E5%B7%9D%E7%9C%8C%E3%81%AE%E5%BB%83%E6%AD%A2%E5%B8%82%E7%94%BA%E6%9D%91%E4%B8%80%E8%A6%A7 https://ja.wikipedia.org/wiki/%E5%A4%A7%E5%86%85%E7%94%BA_%28%E9%A6%99%E5%B7%9D%E7%9C%8C%29 https://uub.jp/upd/kagawa.html https://uub.jp/upd/u/u541.html https://www.soumu.go.jp/main_content/000283317.xls https://www.soumu.go.jp/gapei/gapei_h11iko.html https://www.soumu.go.jp/gapei/hensen_kagawa.html,high,旧郡: 大川郡
7,heisei,引田町,ひけたちょう,町,2003-04-01,新設合併,東かがわ市,東かがわ市,372072,,,,,https://ja.wikipedia.org/wiki/%E9%A6%99%E5%B7%9D%E7%9C%8C%E3%81%AE%E5%BB%83%E6%AD%A2%E5%B8%82%E7%94%BA%E6%9D%91%E4%B8%80%E8%A6%A7 https://ja.wikipedia.org/wiki/%E5%BC%95%E7%94%B0%E7%94%BA https://uub.jp/upd/kagawa.html https://uub.jp/upd/u/u541.html https://www.soumu.go.jp/main_content/000283317.xls https://www.soumu.go.jp/gapei/gapei_h11iko.html https://www.soumu.go.jp/gapei/hensen_kagawa.html,high,旧郡: 大川郡
8,heisei,白鳥町,しろとりちょう,町,2003-04-01,新設合併,東かがわ市,東かがわ市,372072,,,,,https://ja.wikipedia.org/wiki/%E9%A6%99%E5%B7%9D%E7%9C%8C%E3%81%AE%E5%BB%83%E6%AD%A2%E5%B8%82%E7%94%BA%E6%9D%91%E4%B8%80%E8%A6%A7 https://ja.wikipedia.org/wiki/%E7%99%BD%E9%B3%A5%E7%94%BA_%28%E9%A6%99%E5%B7%9D%E7%9C%8C%29 https://uub.jp/upd/kagawa.html https://uub.jp/upd/u/u541.html https://www.soumu.go.jp/main_content/000283317.xls https://www.soumu.go.jp/gapei/gapei_h11iko.html https://www.soumu.go.jp/gapei/hensen_kagawa.html,high,旧郡: 大川郡
9,heisei,丸亀市,まるがめし,市,2005-03-22,新設合併,丸亀市,丸亀市,372021,,,,,https://ja.wikipedia.org/wiki/%E9%A6%99%E5%B7%9D%E7%9C%8C%E3%81%AE%E5%BB%83%E6%AD%A2%E5%B8%82%E7%94%BA%E6%9D%91%E4%B8%80%E8%A6%A7 https://ja.wikipedia.org/wiki/%E4%B8%B8%E4%BA%80%E5%B8%82 https://uub.jp/upd/kagawa.html https://uub.jp/upd/u/u796.html https://www.soumu.go.jp/main_content/000283317.xls https://www.soumu.go.jp/gapei/gapei_h11iko.html https://www.soumu.go.jp/gapei/hensen_kagawa.html,high,Wikipedia一覧では『（旧）』付き（同日に同名の新自治体が成立）。読みは同名の後身自治体の記事による
10,heisei,綾歌町,あやうたちょう,町,2005-03-22,新設合併,丸亀市,丸亀市,372021,,,,,https://ja.wikipedia.org/wiki/%E9%A6%99%E5%B7%9D%E7%9C%8C%E3%81%AE%E5%BB%83%E6%AD%A2%E5%B8%82%E7%94%BA%E6%9D%91%E4%B8%80%E8%A6%A7 https://ja.wikipedia.org/wiki/%E7%B6%BE%E6%AD%8C%E7%94%BA https://uub.jp/upd/kagawa.html https://uub.jp/upd/u/u796.html https://www.soumu.go.jp/main_content/000283317.xls https://www.soumu.go.jp/gapei/gapei_h11iko.html https://www.soumu.go.jp/gapei/hensen_kagawa.html,high,旧郡: 綾歌郡
11,heisei,飯山町,はんざんちょう,町,2005-03-22,新設合併,丸亀市,丸亀市,372021,,,,,https://ja.wikipedia.org/wiki/%E9%A6%99%E5%B7%9D%E7%9C%8C%E3%81%AE%E5%BB%83%E6%AD%A2%E5%B8%82%E7%94%BA%E6%9D%91%E4%B8%80%E8%A6%A7 https://ja.wikipedia.org/wiki/%E9%A3%AF%E5%B1%B1%E7%94%BA_%28%E9%A6%99%E5%B7%9D%E7%9C%8C%29 https://uub.jp/upd/kagawa.html https://uub.jp/upd/u/u796.html https://www.soumu.go.jp/main_content/000283317.xls https://www.soumu.go.jp/gapei/gapei_h11iko.html https://www.soumu.go.jp/gapei/hensen_kagawa.html,high,旧郡: 綾歌郡
12,heisei,塩江町,しおのえちょう,町,2005-09-26,編入,高松市,高松市,372013,,,,,https://ja.wikipedia.org/wiki/%E9%A6%99%E5%B7%9D%E7%9C%8C%E3%81%AE%E5%BB%83%E6%AD%A2%E5%B8%82%E7%94%BA%E6%9D%91%E4%B8%80%E8%A6%A7 https://ja.wikipedia.org/wiki/%E5%A1%A9%E6%B1%9F%E7%94%BA https://uub.jp/upd/kagawa.html https://uub.jp/upd/u/u1297.html https://www.soumu.go.jp/main_content/000283317.xls https://www.soumu.go.jp/gapei/gapei_h11iko.html https://www.soumu.go.jp/gapei/hensen_kagawa.html,high,旧郡: 香川郡
13,heisei,大野原町,おおのはらちょう,町,2005-10-11,新設合併,観音寺市,観音寺市,372056,,,,,https://ja.wikipedia.org/wiki/%E9%A6%99%E5%B7%9D%E7%9C%8C%E3%81%AE%E5%BB%83%E6%AD%A2%E5%B8%82%E7%94%BA%E6%9D%91%E4%B8%80%E8%A6%A7 https://ja.wikipedia.org/wiki/%E5%A4%A7%E9%87%8E%E5%8E%9F%E7%94%BA https://uub.jp/upd/kagawa.html https://uub.jp/upd/u/u1049.html https://www.soumu.go.jp/main_content/000283317.xls https://www.soumu.go.jp/gapei/gapei_h11iko.html https://www.soumu.go.jp/gapei/hensen_kagawa.html,high,旧郡: 三豊郡
14,heisei,観音寺市,かんおんじし,市,2005-10-11,新設合併,観音寺市,観音寺市,372056,,,,,https://ja.wikipedia.org/wiki/%E9%A6%99%E5%B7%9D%E7%9C%8C%E3%81%AE%E5%BB%83%E6%AD%A2%E5%B8%82%E7%94%BA%E6%9D%91%E4%B8%80%E8%A6%A7 https://ja.wikipedia.org/wiki/%E8%A6%B3%E9%9F%B3%E5%AF%BA%E5%B8%82 https://uub.jp/upd/kagawa.html https://uub.jp/upd/u/u1049.html https://www.soumu.go.jp/main_content/000283317.xls https://www.soumu.go.jp/gapei/gapei_h11iko.html https://www.soumu.go.jp/gapei/hensen_kagawa.html,high,Wikipedia一覧では『（旧）』付き（同日に同名の新自治体が成立）。読みは同名の後身自治体の記事による
15,heisei,豊浜町,とよはまちょう,町,2005-10-11,新設合併,観音寺市,観音寺市,372056,,,,,https://ja.wikipedia.org/wiki/%E9%A6%99%E5%B7%9D%E7%9C%8C%E3%81%AE%E5%BB%83%E6%AD%A2%E5%B8%82%E7%94%BA%E6%9D%91%E4%B8%80%E8%A6%A7 https://ja.wikipedia.org/wiki/%E8%B1%8A%E6%B5%9C%E7%94%BA_%28%E9%A6%99%E5%B7%9D%E7%9C%8C%29 https://uub.jp/upd/kagawa.html https://uub.jp/upd/u/u1049.html https://www.soumu.go.jp/main_content/000283317.xls https://www.soumu.go.jp/gapei/gapei_h11iko.html https://www.soumu.go.jp/gapei/hensen_kagawa.html,high,旧郡: 三豊郡
16,heisei,三野町,みのちょう,町,2006-01-01,新設合併,三豊市,三豊市,372081,,,,,https://ja.wikipedia.org/wiki/%E9%A6%99%E5%B7%9D%E7%9C%8C%E3%81%AE%E5%BB%83%E6%AD%A2%E5%B8%82%E7%94%BA%E6%9D%91%E4%B8%80%E8%A6%A7 https://ja.wikipedia.org/wiki/%E4%B8%89%E9%87%8E%E7%94%BA_%28%E9%A6%99%E5%B7%9D%E7%9C%8C%29 https://uub.jp/upd/kagawa.html https://uub.jp/upd/u/u1142.html https://www.soumu.go.jp/main_content/000283317.xls https://www.soumu.go.jp/gapei/gapei_h11iko.html https://www.soumu.go.jp/gapei/hensen_kagawa.html,high,旧郡: 三豊郡
17,heisei,仁尾町,におちょう,町,2006-01-01,新設合併,三豊市,三豊市,372081,,,,,https://ja.wikipedia.org/wiki/%E9%A6%99%E5%B7%9D%E7%9C%8C%E3%81%AE%E5%BB%83%E6%AD%A2%E5%B8%82%E7%94%BA%E6%9D%91%E4%B8%80%E8%A6%A7 https://ja.wikipedia.org/wiki/%E4%BB%81%E5%B0%BE%E7%94%BA https://uub.jp/upd/kagawa.html https://uub.jp/upd/u/u1142.html https://www.soumu.go.jp/main_content/000283317.xls https://www.soumu.go.jp/gapei/gapei_h11iko.html https://www.soumu.go.jp/gapei/hensen_kagawa.html,high,旧郡: 三豊郡
18,heisei,山本町,やまもとちょう,町,2006-01-01,新設合併,三豊市,三豊市,372081,,,,,https://ja.wikipedia.org/wiki/%E9%A6%99%E5%B7%9D%E7%9C%8C%E3%81%AE%E5%BB%83%E6%AD%A2%E5%B8%82%E7%94%BA%E6%9D%91%E4%B8%80%E8%A6%A7 https://ja.wikipedia.org/wiki/%E5%B1%B1%E6%9C%AC%E7%94%BA_%28%E9%A6%99%E5%B7%9D%E7%9C%8C%29 https://uub.jp/upd/kagawa.html https://uub.jp/upd/u/u1142.html https://www.soumu.go.jp/main_content/000283317.xls https://www.soumu.go.jp/gapei/gapei_h11iko.html https://www.soumu.go.jp/gapei/hensen_kagawa.html,high,旧郡: 三豊郡
19,heisei,詫間町,たくまちょう,町,2006-01-01,新設合併,三豊市,三豊市,372081,,,,,https://ja.wikipedia.org/wiki/%E9%A6%99%E5%B7%9D%E7%9C%8C%E3%81%AE%E5%BB%83%E6%AD%A2%E5%B8%82%E7%94%BA%E6%9D%91%E4%B8%80%E8%A6%A7 https://ja.wikipedia.org/wiki/%E8%A9%AB%E9%96%93%E7%94%BA https://uub.jp/upd/kagawa.html https://uub.jp/upd/u/u1142.html https://www.soumu.go.jp/main_content/000283317.xls https://www.soumu.go.jp/gapei/gapei_h11iko.html https://www.soumu.go.jp/gapei/hensen_kagawa.html,high,旧郡: 三豊郡
20,heisei,豊中町,とよなかちょう,町,2006-01-01,新設合併,三豊市,三豊市,372081,,,,,https://ja.wikipedia.org/wiki/%E9%A6%99%E5%B7%9D%E7%9C%8C%E3%81%AE%E5%BB%83%E6%AD%A2%E5%B8%82%E7%94%BA%E6%9D%91%E4%B8%80%E8%A6%A7 https://ja.wikipedia.org/wiki/%E8%B1%8A%E4%B8%AD%E7%94%BA_%28%E9%A6%99%E5%B7%9D%E7%9C%8C%29 https://uub.jp/upd/kagawa.html https://uub.jp/upd/u/u1142.html https://www.soumu.go.jp/main_content/000283317.xls https://www.soumu.go.jp/gapei/gapei_h11iko.html https://www.soumu.go.jp/gapei/hensen_kagawa.html,high,旧郡: 三豊郡
21,heisei,財田町,さいたちょう,町,2006-01-01,新設合併,三豊市,三豊市,372081,,,,,https://ja.wikipedia.org/wiki/%E9%A6%99%E5%B7%9D%E7%9C%8C%E3%81%AE%E5%BB%83%E6%AD%A2%E5%B8%82%E7%94%BA%E6%9D%91%E4%B8%80%E8%A6%A7 https://ja.wikipedia.org/wiki/%E8%B2%A1%E7%94%B0%E7%94%BA_%28%E9%A6%99%E5%B7%9D%E7%9C%8C%29 https://uub.jp/upd/kagawa.html https://uub.jp/upd/u/u1142.html https://www.soumu.go.jp/main_content/000283317.xls https://www.soumu.go.jp/gapei/gapei_h11iko.html https://www.soumu.go.jp/gapei/hensen_kagawa.html,high,旧郡: 三豊郡
22,heisei,高瀬町,たかせちょう,町,2006-01-01,新設合併,三豊市,三豊市,372081,,,,,https://ja.wikipedia.org/wiki/%E9%A6%99%E5%B7%9D%E7%9C%8C%E3%81%AE%E5%BB%83%E6%AD%A2%E5%B8%82%E7%94%BA%E6%9D%91%E4%B8%80%E8%A6%A7 https://ja.wikipedia.org/wiki/%E9%AB%98%E7%80%AC%E7%94%BA_%28%E9%A6%99%E5%B7%9D%E7%9C%8C%29 https://uub.jp/upd/kagawa.html https://uub.jp/upd/u/u1142.html https://www.soumu.go.jp/main_content/000283317.xls https://www.soumu.go.jp/gapei/gapei_h11iko.html https://www.soumu.go.jp/gapei/hensen_kagawa.html,high,旧郡: 三豊郡
23,heisei,国分寺町,こくぶんじちょう,町,2006-01-10,編入,高松市,高松市,372013,,,,,https://ja.wikipedia.org/wiki/%E9%A6%99%E5%B7%9D%E7%9C%8C%E3%81%AE%E5%BB%83%E6%AD%A2%E5%B8%82%E7%94%BA%E6%9D%91%E4%B8%80%E8%A6%A7 https://ja.wikipedia.org/wiki/%E5%9B%BD%E5%88%86%E5%AF%BA%E7%94%BA_%28%E9%A6%99%E5%B7%9D%E7%9C%8C%29 https://uub.jp/upd/kagawa.html https://uub.jp/upd/u/u869.html https://www.soumu.go.jp/main_content/000283317.xls https://www.soumu.go.jp/gapei/gapei_h11iko.html https://www.soumu.go.jp/gapei/hensen_kagawa.html,high,旧郡: 綾歌郡
24,heisei,庵治町,あじちょう,町,2006-01-10,編入,高松市,高松市,372013,,,,,https://ja.wikipedia.org/wiki/%E9%A6%99%E5%B7%9D%E7%9C%8C%E3%81%AE%E5%BB%83%E6%AD%A2%E5%B8%82%E7%94%BA%E6%9D%91%E4%B8%80%E8%A6%A7 https://ja.wikipedia.org/wiki/%E5%BA%B5%E6%B2%BB%E7%94%BA https://uub.jp/upd/kagawa.html https://uub.jp/upd/u/u869.html https://www.soumu.go.jp/main_content/000283317.xls https://www.soumu.go.jp/gapei/gapei_h11iko.html https://www.soumu.go.jp/gapei/hensen_kagawa.html,high,旧郡: 木田郡
25,heisei,牟礼町,むれちょう,町,2006-01-10,編入,高松市,高松市,372013,,,,,https://ja.wikipedia.org/wiki/%E9%A6%99%E5%B7%9D%E7%9C%8C%E3%81%AE%E5%BB%83%E6%AD%A2%E5%B8%82%E7%94%BA%E6%9D%91%E4%B8%80%E8%A6%A7 https://ja.wikipedia.org/wiki/%E7%89%9F%E7%A4%BC%E7%94%BA https://uub.jp/upd/kagawa.html https://uub.jp/upd/u/u869.html https://www.soumu.go.jp/main_content/000283317.xls https://www.soumu.go.jp/gapei/gapei_h11iko.html https://www.soumu.go.jp/gapei/hensen_kagawa.html,high,旧郡: 木田郡
26,heisei,香南町,こうなんちょう,町,2006-01-10,編入,高松市,高松市,372013,,,,,https://ja.wikipedia.org/wiki/%E9%A6%99%E5%B7%9D%E7%9C%8C%E3%81%AE%E5%BB%83%E6%AD%A2%E5%B8%82%E7%94%BA%E6%9D%91%E4%B8%80%E8%A6%A7 https://ja.wikipedia.org/wiki/%E9%A6%99%E5%8D%97%E7%94%BA https://uub.jp/upd/kagawa.html https://uub.jp/upd/u/u869.html https://www.soumu.go.jp/main_content/000283317.xls https://www.soumu.go.jp/gapei/gapei_h11iko.html https://www.soumu.go.jp/gapei/hensen_kagawa.html,high,旧郡: 香川郡
27,heisei,香川町,かがわちょう,町,2006-01-10,編入,高松市,高松市,372013,,,,,https://ja.wikipedia.org/wiki/%E9%A6%99%E5%B7%9D%E7%9C%8C%E3%81%AE%E5%BB%83%E6%AD%A2%E5%B8%82%E7%94%BA%E6%9D%91%E4%B8%80%E8%A6%A7 https://ja.wikipedia.org/wiki/%E9%A6%99%E5%B7%9D%E7%94%BA https://uub.jp/upd/kagawa.html https://uub.jp/upd/u/u869.html https://www.soumu.go.jp/main_content/000283317.xls https://www.soumu.go.jp/gapei/gapei_h11iko.html https://www.soumu.go.jp/gapei/hensen_kagawa.html,high,旧郡: 香川郡
28,heisei,仲南町,ちゅうなんちょう,町,2006-03-20,新設合併,まんのう町,まんのう町,374067,,,,,https://ja.wikipedia.org/wiki/%E9%A6%99%E5%B7%9D%E7%9C%8C%E3%81%AE%E5%BB%83%E6%AD%A2%E5%B8%82%E7%94%BA%E6%9D%91%E4%B8%80%E8%A6%A7 https://ja.wikipedia.org/wiki/%E4%BB%B2%E5%8D%97%E7%94%BA https://uub.jp/upd/kagawa.html https://uub.jp/upd/u/u1183.html https://www.soumu.go.jp/main_content/000283317.xls https://www.soumu.go.jp/gapei/gapei_h11iko.html https://www.soumu.go.jp/gapei/hensen_kagawa.html,high,旧郡: 仲多度郡
29,heisei,満濃町,まんのうちょう,町,2006-03-20,新設合併,まんのう町,まんのう町,374067,,,,,https://ja.wikipedia.org/wiki/%E9%A6%99%E5%B7%9D%E7%9C%8C%E3%81%AE%E5%BB%83%E6%AD%A2%E5%B8%82%E7%94%BA%E6%9D%91%E4%B8%80%E8%A6%A7 https://ja.wikipedia.org/wiki/%E6%BA%80%E6%BF%83%E7%94%BA https://uub.jp/upd/kagawa.html https://uub.jp/upd/u/u1183.html https://www.soumu.go.jp/main_content/000283317.xls https://www.soumu.go.jp/gapei/gapei_h11iko.html https://www.soumu.go.jp/gapei/hensen_kagawa.html,high,旧郡: 仲多度郡
30,heisei,琴南町,ことなみちょう,町,2006-03-20,新設合併,まんのう町,まんのう町,374067,,,,,https://ja.wikipedia.org/wiki/%E9%A6%99%E5%B7%9D%E7%9C%8C%E3%81%AE%E5%BB%83%E6%AD%A2%E5%B8%82%E7%94%BA%E6%9D%91%E4%B8%80%E8%A6%A7 https://ja.wikipedia.org/wiki/%E7%90%B4%E5%8D%97%E7%94%BA https://uub.jp/upd/kagawa.html https://uub.jp/upd/u/u1183.html https://www.soumu.go.jp/main_content/000283317.xls https://www.soumu.go.jp/gapei/gapei_h11iko.html https://www.soumu.go.jp/gapei/hensen_kagawa.html,high,旧郡: 仲多度郡
31,heisei,内海町,うちのみちょう,町,2006-03-21,新設合併,小豆島町,小豆島町,373249,,,,,https://ja.wikipedia.org/wiki/%E9%A6%99%E5%B7%9D%E7%9C%8C%E3%81%AE%E5%BB%83%E6%AD%A2%E5%B8%82%E7%94%BA%E6%9D%91%E4%B8%80%E8%A6%A7 https://ja.wikipedia.org/wiki/%E5%86%85%E6%B5%B7%E7%94%BA_%28%E9%A6%99%E5%B7%9D%E7%9C%8C%29 https://uub.jp/upd/kagawa.html https://uub.jp/upd/u/u1190.html https://www.soumu.go.jp/main_content/000283317.xls https://www.soumu.go.jp/gapei/gapei_h11iko.html https://www.soumu.go.jp/gapei/hensen_kagawa.html,high,旧郡: 小豆郡
32,heisei,池田町,いけだちょう,町,2006-03-21,新設合併,小豆島町,小豆島町,373249,,,,,https://ja.wikipedia.org/wiki/%E9%A6%99%E5%B7%9D%E7%9C%8C%E3%81%AE%E5%BB%83%E6%AD%A2%E5%B8%82%E7%94%BA%E6%9D%91%E4%B8%80%E8%A6%A7 https://ja.wikipedia.org/wiki/%E6%B1%A0%E7%94%B0%E7%94%BA_%28%E9%A6%99%E5%B7%9D%E7%9C%8C%29 https://uub.jp/upd/kagawa.html https://uub.jp/upd/u/u1190.html https://www.soumu.go.jp/main_content/000283317.xls https://www.soumu.go.jp/gapei/gapei_h11iko.html https://www.soumu.go.jp/gapei/hensen_kagawa.html,high,旧郡: 小豆郡
33,heisei,綾上町,あやかみちょう,町,2006-03-21,新設合併,綾川町,綾川町,373877,,,,,https://ja.wikipedia.org/wiki/%E9%A6%99%E5%B7%9D%E7%9C%8C%E3%81%AE%E5%BB%83%E6%AD%A2%E5%B8%82%E7%94%BA%E6%9D%91%E4%B8%80%E8%A6%A7 https://ja.wikipedia.org/wiki/%E7%B6%BE%E4%B8%8A%E7%94%BA https://uub.jp/upd/kagawa.html https://uub.jp/upd/u/u1172.html https://www.soumu.go.jp/main_content/000283317.xls https://www.soumu.go.jp/gapei/gapei_h11iko.html https://www.soumu.go.jp/gapei/hensen_kagawa.html,high,旧郡: 綾歌郡
34,heisei,綾南町,りょうなんちょう,町,2006-03-21,新設合併,綾川町,綾川町,373877,,,,,https://ja.wikipedia.org/wiki/%E9%A6%99%E5%B7%9D%E7%9C%8C%E3%81%AE%E5%BB%83%E6%AD%A2%E5%B8%82%E7%94%BA%E6%9D%91%E4%B8%80%E8%A6%A7 https://ja.wikipedia.org/wiki/%E7%B6%BE%E5%8D%97%E7%94%BA https://uub.jp/upd/kagawa.html https://uub.jp/upd/u/u1172.html https://www.soumu.go.jp/main_content/000283317.xls https://www.soumu.go.jp/gapei/gapei_h11iko.html https://www.soumu.go.jp/gapei/hensen_kagawa.html,high,旧郡: 綾歌郡
35,showa,与北村,よぎたそん,村,1954-03-31,新設合併,善通寺市,善通寺市,372048,,,,,https://ja.wikipedia.org/wiki/%E9%A6%99%E5%B7%9D%E7%9C%8C%E3%81%AE%E5%BB%83%E6%AD%A2%E5%B8%82%E7%94%BA%E6%9D%91%E4%B8%80%E8%A6%A7 https://ja.wikipedia.org/wiki/%E4%B8%8E%E5%8C%97%E6%9D%91 https://uub.jp/upd/kagawa.html https://uub.jp/upd/u/u5718.html,medium,旧郡: 仲多度郡。読み: Wikipedia記事のみ（1出典）
36,showa,吉原村,よしわらむら,村,1954-03-31,新設合併,善通寺市,善通寺市,372048,,,,,https://ja.wikipedia.org/wiki/%E9%A6%99%E5%B7%9D%E7%9C%8C%E3%81%AE%E5%BB%83%E6%AD%A2%E5%B8%82%E7%94%BA%E6%9D%91%E4%B8%80%E8%A6%A7 https://ja.wikipedia.org/wiki/%E5%90%89%E5%8E%9F%E6%9D%91_%28%E9%A6%99%E5%B7%9D%E7%9C%8C%29 https://uub.jp/upd/kagawa.html https://uub.jp/upd/u/u5718.html,medium,旧郡: 仲多度郡。読み: Wikipedia記事のみ（1出典）
37,showa,善通寺町,ぜんつうじちょう,町,1954-03-31,新設合併,善通寺市,善通寺市,372048,,,,,https://ja.wikipedia.org/wiki/%E9%A6%99%E5%B7%9D%E7%9C%8C%E3%81%AE%E5%BB%83%E6%AD%A2%E5%B8%82%E7%94%BA%E6%9D%91%E4%B8%80%E8%A6%A7 https://ja.wikipedia.org/wiki/%E5%96%84%E9%80%9A%E5%AF%BA%E7%94%BA https://uub.jp/upd/kagawa.html https://uub.jp/upd/u/u5718.html,medium,旧郡: 仲多度郡。読み: Wikipedia記事のみ（1出典）
38,showa,川西村,かわにしむら,村,1954-03-31,編入,丸亀市,丸亀市,372021,9,,,,https://ja.wikipedia.org/wiki/%E9%A6%99%E5%B7%9D%E7%9C%8C%E3%81%AE%E5%BB%83%E6%AD%A2%E5%B8%82%E7%94%BA%E6%9D%91%E4%B8%80%E8%A6%A7 https://ja.wikipedia.org/wiki/%E5%B7%9D%E8%A5%BF%E6%9D%91_%28%E9%A6%99%E5%B7%9D%E7%9C%8C%29 https://uub.jp/upd/kagawa.html https://uub.jp/upd/u/u5577.html,medium,旧郡: 綾歌郡。その後の経路: 丸亀市 → 2005-03-22に丸亀市へ。読み: Wikipedia記事のみ（1出典）
39,showa,本島村,ほんじまそん,村,1954-03-31,編入,丸亀市,丸亀市,372021,9,,,,https://ja.wikipedia.org/wiki/%E9%A6%99%E5%B7%9D%E7%9C%8C%E3%81%AE%E5%BB%83%E6%AD%A2%E5%B8%82%E7%94%BA%E6%9D%91%E4%B8%80%E8%A6%A7 https://ja.wikipedia.org/wiki/%E6%9C%AC%E5%B3%B6%E6%9D%91 https://uub.jp/upd/kagawa.html https://uub.jp/upd/u/u5577.html,medium,旧郡: 仲多度郡。その後の経路: 丸亀市 → 2005-03-22に丸亀市へ。読み: Wikipedia記事のみ（1出典）
40,showa,竜川村,たつかわむら,村,1954-03-31,新設合併,善通寺市,善通寺市,372048,,,,,https://ja.wikipedia.org/wiki/%E9%A6%99%E5%B7%9D%E7%9C%8C%E3%81%AE%E5%BB%83%E6%AD%A2%E5%B8%82%E7%94%BA%E6%9D%91%E4%B8%80%E8%A6%A7 https://ja.wikipedia.org/wiki/%E7%AB%9C%E5%B7%9D%E6%9D%91_%28%E9%A6%99%E5%B7%9D%E7%9C%8C%29 https://uub.jp/upd/kagawa.html https://uub.jp/upd/u/u5718.html,medium,旧郡: 仲多度郡。表記ゆれ: uub.jp では『龍川村』。Wikipedia記事の現在の自治体は善通寺市・丸亀市（合併経路からは善通寺市。後年の境界変更等の可能性、未確認）。読み: Wikipedia記事のみ（1出典）
41,showa,筆岡村,ふでおかむら,村,1954-03-31,新設合併,善通寺市,善通寺市,372048,,,,,https://ja.wikipedia.org/wiki/%E9%A6%99%E5%B7%9D%E7%9C%8C%E3%81%AE%E5%BB%83%E6%AD%A2%E5%B8%82%E7%94%BA%E6%9D%91%E4%B8%80%E8%A6%A7 https://ja.wikipedia.org/wiki/%E7%AD%86%E5%B2%A1%E6%9D%91 https://uub.jp/upd/kagawa.html https://uub.jp/upd/u/u5718.html,medium,旧郡: 仲多度郡。読み: Wikipedia記事のみ（1出典）
42,showa,丹生村,にぶそん,村,1954-04-01,新設合併,大内町,東かがわ市,372072,6,,,,https://ja.wikipedia.org/wiki/%E9%A6%99%E5%B7%9D%E7%9C%8C%E3%81%AE%E5%BB%83%E6%AD%A2%E5%B8%82%E7%94%BA%E6%9D%91%E4%B8%80%E8%A6%A7 https://ja.wikipedia.org/wiki/%E4%B8%B9%E7%94%9F%E6%9D%91_%28%E9%A6%99%E5%B7%9D%E7%9C%8C%29 https://uub.jp/upd/kagawa.html https://uub.jp/upd/u/u5578.html,medium,旧郡: 大川郡。その後の経路: 大内町 → 1955-03-15に大内町へ → 2003-04-01に東かがわ市へ。読み: Wikipedia記事のみ（1出典）
43,showa,山田村,やまだむら,村,1954-04-01,新設合併,綾上村,綾川町,373877,33,,,,https://ja.wikipedia.org/wiki/%E9%A6%99%E5%B7%9D%E7%9C%8C%E3%81%AE%E5%BB%83%E6%AD%A2%E5%B8%82%E7%94%BA%E6%9D%91%E4%B8%80%E8%A6%A7 https://ja.wikipedia.org/wiki/%E5%B1%B1%E7%94%B0%E6%9D%91_%28%E9%A6%99%E5%B7%9D%E7%9C%8C%29 https://uub.jp/upd/kagawa.html https://uub.jp/upd/u/u5580.html,medium,旧郡: 綾歌郡。その後の経路: 綾上村 → 1962-02-01に綾上町へ（町制等） → 2006-03-21に綾川町へ。読み: Wikipedia記事のみ（1出典）
44,showa,府中村,ふちゅうむら,村,1954-04-01,編入,坂出市,坂出市,372030,,,,,https://ja.wikipedia.org/wiki/%E9%A6%99%E5%B7%9D%E7%9C%8C%E3%81%AE%E5%BB%83%E6%AD%A2%E5%B8%82%E7%94%BA%E6%9D%91%E4%B8%80%E8%A6%A7 https://ja.wikipedia.org/wiki/%E5%BA%9C%E4%B8%AD%E6%9D%91_%28%E9%A6%99%E5%B7%9D%E7%9C%8C%29 https://uub.jp/upd/kagawa.html https://uub.jp/upd/u/u5582.html https://www.city.sakaide.lg.jp/soshiki/seisaku/shiikihensen.html,medium,旧郡: 綾歌郡。読み: Wikipedia記事のみ（1出典）
45,showa,昭和村,しょうわむら,村,1954-04-01,新設合併,綾南町,綾川町,373877,34,,,,https://ja.wikipedia.org/wiki/%E9%A6%99%E5%B7%9D%E7%9C%8C%E3%81%AE%E5%BB%83%E6%AD%A2%E5%B8%82%E7%94%BA%E6%9D%91%E4%B8%80%E8%A6%A7 https://ja.wikipedia.org/wiki/%E6%98%AD%E5%92%8C%E6%9D%91_%28%E9%A6%99%E5%B7%9D%E7%9C%8C%29 https://uub.jp/upd/kagawa.html https://uub.jp/upd/u/u5581.html,medium,旧郡: 綾歌郡。その後の経路: 綾南町 → 2006-03-21に綾川町へ。読み: Wikipedia記事のみ（1出典）
46,showa,枌所村,そぎしょそん,村,1954-04-01,新設合併,綾上村,綾川町,373877,33,,,,https://ja.wikipedia.org/wiki/%E9%A6%99%E5%B7%9D%E7%9C%8C%E3%81%AE%E5%BB%83%E6%AD%A2%E5%B8%82%E7%94%BA%E6%9D%91%E4%B8%80%E8%A6%A7 https://ja.wikipedia.org/wiki/%E6%9E%8C%E6%89%80%E6%9D%91 https://uub.jp/upd/kagawa.html https://uub.jp/upd/u/u5580.html,medium,旧郡: 綾歌郡。その後の経路: 綾上村 → 1962-02-01に綾上町へ（町制等） → 2006-03-21に綾川町へ。読み: Wikipedia記事のみ（1出典）
47,showa,滝宮村,たきのみやむら,村,1954-04-01,新設合併,綾南町,綾川町,373877,34,,,,https://ja.wikipedia.org/wiki/%E9%A6%99%E5%B7%9D%E7%9C%8C%E3%81%AE%E5%BB%83%E6%AD%A2%E5%B8%82%E7%94%BA%E6%9D%91%E4%B8%80%E8%A6%A7 https://ja.wikipedia.org/wiki/%E6%BB%9D%E5%AE%AE%E6%9D%91 https://uub.jp/upd/kagawa.html https://uub.jp/upd/u/u5581.html,medium,旧郡: 綾歌郡。その後の経路: 綾南町 → 2006-03-21に綾川町へ。読み: Wikipedia記事のみ（1出典）
48,showa,羽床上村,はゆかかみむら,村,1954-04-01,新設合併,綾上村,綾川町,373877,33,,,,https://ja.wikipedia.org/wiki/%E9%A6%99%E5%B7%9D%E7%9C%8C%E3%81%AE%E5%BB%83%E6%AD%A2%E5%B8%82%E7%94%BA%E6%9D%91%E4%B8%80%E8%A6%A7 https://ja.wikipedia.org/wiki/%E7%BE%BD%E5%BA%8A%E4%B8%8A%E6%9D%91 https://uub.jp/upd/kagawa.html https://uub.jp/upd/u/u5580.html,medium,旧郡: 綾歌郡。その後の経路: 綾上村 → 1962-02-01に綾上町へ（町制等） → 2006-03-21に綾川町へ。読み: Wikipedia記事のみ（1出典）
49,showa,羽床村,はゆかむら,村,1954-04-01,新設合併,綾南町,綾川町,373877,34,,,,https://ja.wikipedia.org/wiki/%E9%A6%99%E5%B7%9D%E7%9C%8C%E3%81%AE%E5%BB%83%E6%AD%A2%E5%B8%82%E7%94%BA%E6%9D%91%E4%B8%80%E8%A6%A7 https://ja.wikipedia.org/wiki/%E7%BE%BD%E5%BA%8A%E6%9D%91 https://uub.jp/upd/kagawa.html https://uub.jp/upd/u/u5581.html,medium,旧郡: 綾歌郡。その後の経路: 綾南町 → 2006-03-21に綾川町へ。読み: Wikipedia記事のみ（1出典）
50,showa,西分村,にしぶんそん,村,1954-04-01,新設合併,綾上村,綾川町,373877,33,,,,https://ja.wikipedia.org/wiki/%E9%A6%99%E5%B7%9D%E7%9C%8C%E3%81%AE%E5%BB%83%E6%AD%A2%E5%B8%82%E7%94%BA%E6%9D%91%E4%B8%80%E8%A6%A7 https://ja.wikipedia.org/wiki/%E8%A5%BF%E5%88%86%E6%9D%91 https://uub.jp/upd/kagawa.html https://uub.jp/upd/u/u5580.html,medium,旧郡: 綾歌郡。その後の経路: 綾上村 → 1962-02-01に綾上町へ（町制等） → 2006-03-21に綾川町へ。読み: Wikipedia記事のみ（1出典）
51,showa,誉水村,よみずむら,村,1954-04-01,新設合併,大内町,東かがわ市,372072,6,,,,https://ja.wikipedia.org/wiki/%E9%A6%99%E5%B7%9D%E7%9C%8C%E3%81%AE%E5%BB%83%E6%AD%A2%E5%B8%82%E7%94%BA%E6%9D%91%E4%B8%80%E8%A6%A7 https://ja.wikipedia.org/wiki/%E8%AA%89%E6%B0%B4%E6%9D%91 https://uub.jp/upd/kagawa.html https://uub.jp/upd/u/u5578.html,medium,旧郡: 大川郡。その後の経路: 大内町 → 1955-03-15に大内町へ → 2003-04-01に東かがわ市へ。読み: Wikipedia記事のみ（1出典）
52,showa,陶村,すえむら,村,1954-04-01,新設合併,綾南町,綾川町,373877,34,,,,https://ja.wikipedia.org/wiki/%E9%A6%99%E5%B7%9D%E7%9C%8C%E3%81%AE%E5%BB%83%E6%AD%A2%E5%B8%82%E7%94%BA%E6%9D%91%E4%B8%80%E8%A6%A7 https://ja.wikipedia.org/wiki/%E9%99%B6%E6%9D%91_%28%E9%A6%99%E5%B7%9D%E7%9C%8C%29 https://uub.jp/upd/kagawa.html https://uub.jp/upd/u/u5581.html,medium,旧郡: 綾歌郡。その後の経路: 綾南町 → 2006-03-21に綾川町へ。読み: Wikipedia記事のみ（1出典）
53,showa,四箇村,しかむら,村,1954-05-03,新設合併,多度津町,多度津町,374041,,,,,https://ja.wikipedia.org/wiki/%E9%A6%99%E5%B7%9D%E7%9C%8C%E3%81%AE%E5%BB%83%E6%AD%A2%E5%B8%82%E7%94%BA%E6%9D%91%E4%B8%80%E8%A6%A7 https://ja.wikipedia.org/wiki/%E5%9B%9B%E7%AE%87%E6%9D%91_%28%E9%A6%99%E5%B7%9D%E7%9C%8C%29 https://uub.jp/upd/kagawa.html https://uub.jp/upd/u/u5506.html,medium,旧郡: 仲多度郡。読み: Wikipedia記事のみ（1出典）
54,showa,土器村,どきむら,村,1954-05-03,編入,丸亀市,丸亀市,372021,9,,,,https://ja.wikipedia.org/wiki/%E9%A6%99%E5%B7%9D%E7%9C%8C%E3%81%AE%E5%BB%83%E6%AD%A2%E5%B8%82%E7%94%BA%E6%9D%91%E4%B8%80%E8%A6%A7 https://ja.wikipedia.org/wiki/%E5%9C%9F%E5%99%A8%E6%9D%91 https://uub.jp/upd/kagawa.html https://uub.jp/upd/u/u5505.html,medium,旧郡: 綾歌郡。その後の経路: 丸亀市 → 2005-03-22に丸亀市へ。読み: Wikipedia記事のみ（1出典）
55,showa,多度津町,たどつちょう,町,1954-05-03,新設合併,多度津町,多度津町,374041,,,,,https://ja.wikipedia.org/wiki/%E9%A6%99%E5%B7%9D%E7%9C%8C%E3%81%AE%E5%BB%83%E6%AD%A2%E5%B8%82%E7%94%BA%E6%9D%91%E4%B8%80%E8%A6%A7 https://ja.wikipedia.org/wiki/%E5%A4%9A%E5%BA%A6%E6%B4%A5%E7%94%BA https://uub.jp/upd/kagawa.html https://uub.jp/upd/u/u5506.html,medium,旧郡: 仲多度郡。Wikipedia一覧では『（旧）』付き（同日に同名の新自治体が成立）。読み: Wikipedia記事のみ（1出典）。読みは同名の後身自治体の記事による
56,showa,白方村,しらかたむら,村,1954-05-03,新設合併,多度津町,多度津町,374041,,,,,https://ja.wikipedia.org/wiki/%E9%A6%99%E5%B7%9D%E7%9C%8C%E3%81%AE%E5%BB%83%E6%AD%A2%E5%B8%82%E7%94%BA%E6%9D%91%E4%B8%80%E8%A6%A7 https://ja.wikipedia.org/wiki/%E7%99%BD%E6%96%B9%E6%9D%91_%28%E9%A6%99%E5%B7%9D%E7%9C%8C%29 https://uub.jp/upd/kagawa.html https://uub.jp/upd/u/u5506.html,medium,旧郡: 仲多度郡。読み: Wikipedia記事のみ（1出典）
57,showa,三都村,みとそん,村,1954-10-01,新設合併,池田町,小豆島町,373249,32,,,,https://ja.wikipedia.org/wiki/%E9%A6%99%E5%B7%9D%E7%9C%8C%E3%81%AE%E5%BB%83%E6%AD%A2%E5%B8%82%E7%94%BA%E6%9D%91%E4%B8%80%E8%A6%A7 https://ja.wikipedia.org/wiki/%E4%B8%89%E9%83%BD%E6%9D%91_%28%E9%A6%99%E5%B7%9D%E7%9C%8C%29 https://uub.jp/upd/kagawa.html https://uub.jp/upd/u/u5241.html,medium,旧郡: 小豆郡。その後の経路: 池田町 → 2006-03-21に小豆島町へ。読み: Wikipedia記事のみ（1出典）
58,showa,下高岡村,しもたかおかむら,村,1954-10-01,新設合併,三木町,三木町,373419,,,,,https://ja.wikipedia.org/wiki/%E9%A6%99%E5%B7%9D%E7%9C%8C%E3%81%AE%E5%BB%83%E6%AD%A2%E5%B8%82%E7%94%BA%E6%9D%91%E4%B8%80%E8%A6%A7 https://ja.wikipedia.org/wiki/%E4%B8%8B%E9%AB%98%E5%B2%A1%E6%9D%91 https://uub.jp/upd/kagawa.html https://uub.jp/upd/u/u5242.html,medium,旧郡: 木田郡。読み: Wikipedia記事のみ（1出典）
59,showa,二生村,にぶそん,村,1954-10-01,新設合併,池田町,小豆島町,373249,32,,,,https://ja.wikipedia.org/wiki/%E9%A6%99%E5%B7%9D%E7%9C%8C%E3%81%AE%E5%BB%83%E6%AD%A2%E5%B8%82%E7%94%BA%E6%9D%91%E4%B8%80%E8%A6%A7 https://ja.wikipedia.org/wiki/%E4%BA%8C%E7%94%9F%E6%9D%91 https://uub.jp/upd/kagawa.html https://uub.jp/upd/u/u5241.html,medium,旧郡: 小豆郡。その後の経路: 池田町 → 2006-03-21に小豆島町へ。読み: Wikipedia記事のみ（1出典）
60,showa,平井町,ひらいちょう,町,1954-10-01,新設合併,三木町,三木町,373419,,,,,https://ja.wikipedia.org/wiki/%E9%A6%99%E5%B7%9D%E7%9C%8C%E3%81%AE%E5%BB%83%E6%AD%A2%E5%B8%82%E7%94%BA%E6%9D%91%E4%B8%80%E8%A6%A7 https://ja.wikipedia.org/wiki/%E5%B9%B3%E4%BA%95%E7%94%BA https://uub.jp/upd/kagawa.html https://uub.jp/upd/u/u5242.html,medium,旧郡: 木田郡。読み: Wikipedia記事のみ（1出典）
61,showa,氷上村,ひかみむら,村,1954-10-01,新設合併,三木町,三木町,373419,,,,,https://ja.wikipedia.org/wiki/%E9%A6%99%E5%B7%9D%E7%9C%8C%E3%81%AE%E5%BB%83%E6%AD%A2%E5%B8%82%E7%94%BA%E6%9D%91%E4%B8%80%E8%A6%A7 https://ja.wikipedia.org/wiki/%E6%B0%B7%E4%B8%8A%E6%9D%91 https://uub.jp/upd/kagawa.html https://uub.jp/upd/u/u5242.html,medium,旧郡: 木田郡。読み: Wikipedia記事のみ（1出典）
62,showa,池田町,いけだちょう,町,1954-10-01,新設合併,池田町,小豆島町,373249,32,,,,https://ja.wikipedia.org/wiki/%E9%A6%99%E5%B7%9D%E7%9C%8C%E3%81%AE%E5%BB%83%E6%AD%A2%E5%B8%82%E7%94%BA%E6%9D%91%E4%B8%80%E8%A6%A7 https://ja.wikipedia.org/wiki/%E6%B1%A0%E7%94%B0%E7%94%BA_%28%E9%A6%99%E5%B7%9D%E7%9C%8C%29 https://uub.jp/upd/kagawa.html https://uub.jp/upd/u/u5241.html,medium,旧郡: 小豆郡。Wikipedia一覧では『（旧）』付き（同日に同名の新自治体が成立）。その後の経路: 池田町 → 2006-03-21に小豆島町へ。読み: Wikipedia記事のみ（1出典）。読みは同名の後身自治体の記事による
63,showa,田中村,たなかむら,村,1954-10-01,新設合併,三木町,三木町,373419,,,,,https://ja.wikipedia.org/wiki/%E9%A6%99%E5%B7%9D%E7%9C%8C%E3%81%AE%E5%BB%83%E6%AD%A2%E5%B8%82%E7%94%BA%E6%9D%91%E4%B8%80%E8%A6%A7 https://ja.wikipedia.org/wiki/%E7%94%B0%E4%B8%AD%E6%9D%91_%28%E9%A6%99%E5%B7%9D%E7%9C%8C%29 https://uub.jp/upd/kagawa.html https://uub.jp/upd/u/u5242.html,medium,旧郡: 木田郡。読み: Wikipedia記事のみ（1出典）
64,showa,神山村,かみやまむら,村,1954-10-01,新設合併,三木町,三木町,373419,,,,,https://ja.wikipedia.org/wiki/%E9%A6%99%E5%B7%9D%E7%9C%8C%E3%81%AE%E5%BB%83%E6%AD%A2%E5%B8%82%E7%94%BA%E6%9D%91%E4%B8%80%E8%A6%A7 https://ja.wikipedia.org/wiki/%E7%A5%9E%E5%B1%B1%E6%9D%91_%28%E9%A6%99%E5%B7%9D%E7%9C%8C%29 https://uub.jp/upd/kagawa.html https://uub.jp/upd/u/u5242.html,medium,旧郡: 木田郡。読み: Wikipedia記事のみ（1出典）
65,showa,郡家村,ぐんげそん,村,1954-10-17,編入,丸亀市,丸亀市,372021,9,,,,https://ja.wikipedia.org/wiki/%E9%A6%99%E5%B7%9D%E7%9C%8C%E3%81%AE%E5%BB%83%E6%AD%A2%E5%B8%82%E7%94%BA%E6%9D%91%E4%B8%80%E8%A6%A7 https://ja.wikipedia.org/wiki/%E9%83%A1%E5%AE%B6%E6%9D%91_%28%E9%A6%99%E5%B7%9D%E7%9C%8C%29 https://uub.jp/upd/kagawa.html https://uub.jp/upd/u/u5214.html,medium,旧郡: 仲多度郡。その後の経路: 丸亀市 → 2005-03-22に丸亀市へ。読み: Wikipedia記事のみ（1出典）
66,showa,小田村,おだむら,村,1955-01-01,新設合併,志度町,さぬき市,372064,3,,,,https://ja.wikipedia.org/wiki/%E9%A6%99%E5%B7%9D%E7%9C%8C%E3%81%AE%E5%BB%83%E6%AD%A2%E5%B8%82%E7%94%BA%E6%9D%91%E4%B8%80%E8%A6%A7 https://ja.wikipedia.org/wiki/%E5%B0%8F%E7%94%B0%E6%9D%91_%28%E9%A6%99%E5%B7%9D%E7%9C%8C%29 https://uub.jp/upd/kagawa.html https://uub.jp/upd/u/u4921.html,medium,旧郡: 大川郡。その後の経路: 志度町 → 2002-04-01にさぬき市へ。読み: Wikipedia記事のみ（1出典）
67,showa,川津村,かわつむら,村,1955-01-01,編入,坂出市;飯野村,坂出市,372030,,宇多津町,373869,,https://ja.wikipedia.org/wiki/%E9%A6%99%E5%B7%9D%E7%9C%8C%E3%81%AE%E5%BB%83%E6%AD%A2%E5%B8%82%E7%94%BA%E6%9D%91%E4%B8%80%E8%A6%A7 https://ja.wikipedia.org/wiki/%E5%B7%9D%E6%B4%A5%E6%9D%91_%28%E9%A6%99%E5%B7%9D%E7%9C%8C%29 https://uub.jp/upd/kagawa.html https://uub.jp/upd/u/u4922.html https://www.city.sakaide.lg.jp/soshiki/seisaku/shiikihensen.html,medium,旧郡: 綾歌郡。分割の内訳(uub.jp): 飯野村=微、坂出市=本（本=大部分、微=一部）。合併経路からは坂出市・丸亀市・宇多津町。Wikipedia記事の現在の自治体は坂出市・宇多津町。記事側を採用（区域の行き先を他出典で未確認）。採用しなかった経路上の平成の旧自治体: 丸亀市(2005-03-22)。その後の経路: 飯野村 → 1955-05-03に宇多津町へ。区域が複数の現市町にまたがるため current_city_name/current_city_code はセミコロン区切り。分割編入（merged_into はセミコロン区切り）。読み: Wikipedia記事のみ（1出典） / 区域が分かれたため、URL上の親は先頭の市町(主な行き先)とし、残りは also_ 列に入れた(2026-10-08 決定)
68,showa,常磐村,ときわむら,村,1955-01-01,新設合併,観音寺市,観音寺市,372056,14,,,,https://ja.wikipedia.org/wiki/%E9%A6%99%E5%B7%9D%E7%9C%8C%E3%81%AE%E5%BB%83%E6%AD%A2%E5%B8%82%E7%94%BA%E6%9D%91%E4%B8%80%E8%A6%A7 https://ja.wikipedia.org/wiki/%E5%B8%B8%E7%A3%90%E6%9D%91_%28%E9%A6%99%E5%B7%9D%E7%9C%8C%29 https://uub.jp/upd/kagawa.html https://uub.jp/upd/u/u4920.html,medium,旧郡: 三豊郡。その後の経路: 観音寺市 → 2005-10-11に観音寺市へ。読み: Wikipedia記事のみ（1出典）
69,showa,志度町,しどちょう,町,1955-01-01,新設合併,志度町,さぬき市,372064,3,,,,https://ja.wikipedia.org/wiki/%E9%A6%99%E5%B7%9D%E7%9C%8C%E3%81%AE%E5%BB%83%E6%AD%A2%E5%B8%82%E7%94%BA%E6%9D%91%E4%B8%80%E8%A6%A7 https://ja.wikipedia.org/wiki/%E5%BF%97%E5%BA%A6%E7%94%BA https://uub.jp/upd/kagawa.html https://uub.jp/upd/u/u4921.html,medium,旧郡: 大川郡。Wikipedia一覧では『（旧）』付き（同日に同名の新自治体が成立）。その後の経路: 志度町 → 2002-04-01にさぬき市へ。読み: Wikipedia記事のみ（1出典）。読みは同名の後身自治体の記事による
70,showa,柞田村,くにたむら,村,1955-01-01,新設合併,観音寺市,観音寺市,372056,14,,,,https://ja.wikipedia.org/wiki/%E9%A6%99%E5%B7%9D%E7%9C%8C%E3%81%AE%E5%BB%83%E6%AD%A2%E5%B8%82%E7%94%BA%E6%9D%91%E4%B8%80%E8%A6%A7 https://ja.wikipedia.org/wiki/%E6%9F%9E%E7%94%B0%E6%9D%91 https://uub.jp/upd/kagawa.html https://uub.jp/upd/u/u4920.html,medium,旧郡: 三豊郡。その後の経路: 観音寺市 → 2005-10-11に観音寺市へ。読み: Wikipedia記事のみ（1出典）
71,showa,観音寺町,かんおんじちょう,町,1955-01-01,新設合併,観音寺市,観音寺市,372056,14,,,,https://ja.wikipedia.org/wiki/%E9%A6%99%E5%B7%9D%E7%9C%8C%E3%81%AE%E5%BB%83%E6%AD%A2%E5%B8%82%E7%94%BA%E6%9D%91%E4%B8%80%E8%A6%A7 https://ja.wikipedia.org/wiki/%E8%A6%B3%E9%9F%B3%E5%AF%BA%E7%94%BA https://uub.jp/upd/kagawa.html https://uub.jp/upd/u/u4920.html,medium,旧郡: 三豊郡。その後の経路: 観音寺市 → 2005-10-11に観音寺市へ。読み: Wikipedia記事のみ（1出典）
72,showa,高室村,たかむろそん,村,1955-01-01,新設合併,観音寺市,観音寺市,372056,14,,,,https://ja.wikipedia.org/wiki/%E9%A6%99%E5%B7%9D%E7%9C%8C%E3%81%AE%E5%BB%83%E6%AD%A2%E5%B8%82%E7%94%BA%E6%9D%91%E4%B8%80%E8%A6%A7 https://ja.wikipedia.org/wiki/%E9%AB%98%E5%AE%A4%E6%9D%91 https://uub.jp/upd/kagawa.html https://uub.jp/upd/u/u4920.html,medium,旧郡: 三豊郡。その後の経路: 観音寺市 → 2005-10-11に観音寺市へ。読み: Wikipedia記事のみ（1出典）
73,showa,鴨庄村,かもしょうむら,村,1955-01-01,新設合併,志度町,さぬき市,372064,3,,,,https://ja.wikipedia.org/wiki/%E9%A6%99%E5%B7%9D%E7%9C%8C%E3%81%AE%E5%BB%83%E6%AD%A2%E5%B8%82%E7%94%BA%E6%9D%91%E4%B8%80%E8%A6%A7 https://ja.wikipedia.org/wiki/%E9%B4%A8%E5%BA%84%E6%9D%91_%28%E9%A6%99%E5%B7%9D%E7%9C%8C%29 https://uub.jp/upd/kagawa.html https://uub.jp/upd/u/u4921.html,medium,旧郡: 大川郡。その後の経路: 志度町 → 2002-04-01にさぬき市へ。読み: Wikipedia記事のみ（1出典）
74,showa,五郷村,ごごうそん,村,1955-02-11,新設合併,大野原町,観音寺市,372056,13,,,,https://ja.wikipedia.org/wiki/%E9%A6%99%E5%B7%9D%E7%9C%8C%E3%81%AE%E5%BB%83%E6%AD%A2%E5%B8%82%E7%94%BA%E6%9D%91%E4%B8%80%E8%A6%A7 https://ja.wikipedia.org/wiki/%E4%BA%94%E9%83%B7%E6%9D%91_%28%E9%A6%99%E5%B7%9D%E7%9C%8C%29 https://uub.jp/upd/kagawa.html https://uub.jp/upd/u/u4662.html,medium,旧郡: 三豊郡。その後の経路: 大野原町 → 2005-10-11に観音寺市へ。読み: Wikipedia記事のみ（1出典）
75,showa,大野原村,おおのはらむら,村,1955-02-11,新設合併,大野原町,観音寺市,372056,13,,,,https://ja.wikipedia.org/wiki/%E9%A6%99%E5%B7%9D%E7%9C%8C%E3%81%AE%E5%BB%83%E6%AD%A2%E5%B8%82%E7%94%BA%E6%9D%91%E4%B8%80%E8%A6%A7 https://ja.wikipedia.org/wiki/%E5%A4%A7%E9%87%8E%E5%8E%9F%E6%9D%91 https://uub.jp/upd/kagawa.html https://uub.jp/upd/u/u4662.html,medium,旧郡: 三豊郡。その後の経路: 大野原町 → 2005-10-11に観音寺市へ。読み: Wikipedia記事のみ（1出典）
76,showa,萩原村,はぎはらむら,村,1955-02-11,新設合併,大野原町,観音寺市,372056,13,,,,https://ja.wikipedia.org/wiki/%E9%A6%99%E5%B7%9D%E7%9C%8C%E3%81%AE%E5%BB%83%E6%AD%A2%E5%B8%82%E7%94%BA%E6%9D%91%E4%B8%80%E8%A6%A7 https://ja.wikipedia.org/wiki/%E8%90%A9%E5%8E%9F%E6%9D%91_%28%E9%A6%99%E5%B7%9D%E7%9C%8C%29 https://uub.jp/upd/kagawa.html https://uub.jp/upd/u/u4662.html,medium,旧郡: 三豊郡。その後の経路: 大野原町 → 2005-10-11に観音寺市へ。読み: Wikipedia記事のみ（1出典）
77,showa,三本松町,さんぼんまつちょう,町,1955-03-15,新設合併,大内町,東かがわ市,372072,6,,,,https://ja.wikipedia.org/wiki/%E9%A6%99%E5%B7%9D%E7%9C%8C%E3%81%AE%E5%BB%83%E6%AD%A2%E5%B8%82%E7%94%BA%E6%9D%91%E4%B8%80%E8%A6%A7 https://ja.wikipedia.org/wiki/%E4%B8%89%E6%9C%AC%E6%9D%BE%E7%94%BA https://uub.jp/upd/kagawa.html https://uub.jp/upd/u/u4512.html,medium,旧郡: 大川郡。官報告示(uub.jp記載): 1955/3/15（総理府告示第358号）。その後の経路: 大内町 → 2003-04-01に東かがわ市へ。読み: Wikipedia記事のみ（1出典）
78,showa,大内町,おおちちょう,町,1955-03-15,新設合併,大内町,東かがわ市,372072,6,,,,https://ja.wikipedia.org/wiki/%E9%A6%99%E5%B7%9D%E7%9C%8C%E3%81%AE%E5%BB%83%E6%AD%A2%E5%B8%82%E7%94%BA%E6%9D%91%E4%B8%80%E8%A6%A7 https://ja.wikipedia.org/wiki/%E5%A4%A7%E5%86%85%E7%94%BA_%28%E9%A6%99%E5%B7%9D%E7%9C%8C%29 https://uub.jp/upd/kagawa.html https://uub.jp/upd/u/u4512.html,medium,旧郡: 大川郡。Wikipedia一覧では『（旧）』付き（同日に同名の新自治体が成立）。官報告示(uub.jp記載): 1955/3/15（総理府告示第358号）。その後の経路: 大内町 → 2003-04-01に東かがわ市へ。読み: Wikipedia記事のみ（1出典）。読みは同名の後身自治体の記事による
79,showa,山内村,やまのうちそん,村,1955-03-20,新設合併,国分寺町,高松市,372013,23,,,,https://ja.wikipedia.org/wiki/%E9%A6%99%E5%B7%9D%E7%9C%8C%E3%81%AE%E5%BB%83%E6%AD%A2%E5%B8%82%E7%94%BA%E6%9D%91%E4%B8%80%E8%A6%A7 https://ja.wikipedia.org/wiki/%E5%B1%B1%E5%86%85%E6%9D%91_%28%E9%A6%99%E5%B7%9D%E7%9C%8C%29 https://uub.jp/upd/kagawa.html https://uub.jp/upd/u/u4499.html,medium,旧郡: 綾歌郡。その後の経路: 国分寺町 → 2006-01-10に高松市へ。読み: Wikipedia記事のみ（1出典）
80,showa,端岡村,はしおかむら,村,1955-03-20,新設合併,国分寺町,高松市,372013,23,,,,https://ja.wikipedia.org/wiki/%E9%A6%99%E5%B7%9D%E7%9C%8C%E3%81%AE%E5%BB%83%E6%AD%A2%E5%B8%82%E7%94%BA%E6%9D%91%E4%B8%80%E8%A6%A7 https://ja.wikipedia.org/wiki/%E7%AB%AF%E5%B2%A1%E6%9D%91 https://uub.jp/upd/kagawa.html https://uub.jp/upd/u/u4499.html,medium,旧郡: 綾歌郡。その後の経路: 国分寺町 → 2006-01-10に高松市へ。読み: Wikipedia記事のみ（1出典）
81,showa,上高瀬村,かみたかせむら,村,1955-03-31,新設合併,高瀬町,三豊市,372081,22,,,,https://ja.wikipedia.org/wiki/%E9%A6%99%E5%B7%9D%E7%9C%8C%E3%81%AE%E5%BB%83%E6%AD%A2%E5%B8%82%E7%94%BA%E6%9D%91%E4%B8%80%E8%A6%A7 https://ja.wikipedia.org/wiki/%E4%B8%8A%E9%AB%98%E7%80%AC%E6%9D%91 https://uub.jp/upd/kagawa.html https://uub.jp/upd/u/u4247.html,medium,旧郡: 三豊郡。その後の経路: 高瀬町 → 2006-01-01に三豊市へ。読み: Wikipedia記事のみ（1出典）
82,showa,上高野村,かみだかのむら,村,1955-03-31,新設合併,豊中村,三豊市,372081,20,,,,https://ja.wikipedia.org/wiki/%E9%A6%99%E5%B7%9D%E7%9C%8C%E3%81%AE%E5%BB%83%E6%AD%A2%E5%B8%82%E7%94%BA%E6%9D%91%E4%B8%80%E8%A6%A7 https://ja.wikipedia.org/wiki/%E4%B8%8A%E9%AB%98%E9%87%8E%E6%9D%91_%28%E9%A6%99%E5%B7%9D%E7%9C%8C%29 https://uub.jp/upd/kagawa.html https://uub.jp/upd/u/u4246.html,medium,旧郡: 三豊郡。その後の経路: 豊中村 → 1957-01-01に豊中町へ（町制等） → 2006-01-01に三豊市へ。読み: Wikipedia記事のみ（1出典）
83,showa,二ノ宮村,にのみやむら,村,1955-03-31,新設合併,高瀬町,三豊市,372081,22,,,,https://ja.wikipedia.org/wiki/%E9%A6%99%E5%B7%9D%E7%9C%8C%E3%81%AE%E5%BB%83%E6%AD%A2%E5%B8%82%E7%94%BA%E6%9D%91%E4%B8%80%E8%A6%A7 https://ja.wikipedia.org/wiki/%E4%BA%8C%E3%83%8E%E5%AE%AE%E6%9D%91 https://uub.jp/upd/kagawa.html https://uub.jp/upd/u/u4247.html,medium,旧郡: 三豊郡。その後の経路: 高瀬町 → 2006-01-01に三豊市へ。読み: Wikipedia記事のみ（1出典）
84,showa,勝間村,かつまむら,村,1955-03-31,新設合併,高瀬町,三豊市,372081,22,,,,https://ja.wikipedia.org/wiki/%E9%A6%99%E5%B7%9D%E7%9C%8C%E3%81%AE%E5%BB%83%E6%AD%A2%E5%B8%82%E7%94%BA%E6%9D%91%E4%B8%80%E8%A6%A7 https://ja.wikipedia.org/wiki/%E5%8B%9D%E9%96%93%E6%9D%91_%28%E9%A6%99%E5%B7%9D%E7%9C%8C%29 https://uub.jp/upd/kagawa.html https://uub.jp/upd/u/u4247.html,medium,旧郡: 三豊郡。その後の経路: 高瀬町 → 2006-01-01に三豊市へ。読み: Wikipedia記事のみ（1出典）
85,showa,本山村,もとやまむら,村,1955-03-31,新設合併,豊中村,三豊市,372081,20,,,,https://ja.wikipedia.org/wiki/%E9%A6%99%E5%B7%9D%E7%9C%8C%E3%81%AE%E5%BB%83%E6%AD%A2%E5%B8%82%E7%94%BA%E6%9D%91%E4%B8%80%E8%A6%A7 https://ja.wikipedia.org/wiki/%E6%9C%AC%E5%B1%B1%E6%9D%91_%28%E9%A6%99%E5%B7%9D%E7%9C%8C%29 https://uub.jp/upd/kagawa.html https://uub.jp/upd/u/u4246.html,medium,旧郡: 三豊郡。その後の経路: 豊中村 → 1957-01-01に豊中町へ（町制等） → 2006-01-01に三豊市へ。読み: Wikipedia記事のみ（1出典）
86,showa,桑山村,くわやまむら,村,1955-03-31,新設合併,豊中村,三豊市,372081,20,,,,https://ja.wikipedia.org/wiki/%E9%A6%99%E5%B7%9D%E7%9C%8C%E3%81%AE%E5%BB%83%E6%AD%A2%E5%B8%82%E7%94%BA%E6%9D%91%E4%B8%80%E8%A6%A7 https://ja.wikipedia.org/wiki/%E6%A1%91%E5%B1%B1%E6%9D%91 https://uub.jp/upd/kagawa.html https://uub.jp/upd/u/u4246.html,medium,旧郡: 三豊郡。その後の経路: 豊中村 → 1957-01-01に豊中町へ（町制等） → 2006-01-01に三豊市へ。読み: Wikipedia記事のみ（1出典）
87,showa,比地二村,ひじふたむら,村,1955-03-31,新設合併,高瀬町,三豊市,372081,22,,,,https://ja.wikipedia.org/wiki/%E9%A6%99%E5%B7%9D%E7%9C%8C%E3%81%AE%E5%BB%83%E6%AD%A2%E5%B8%82%E7%94%BA%E6%9D%91%E4%B8%80%E8%A6%A7 https://ja.wikipedia.org/wiki/%E6%AF%94%E5%9C%B0%E4%BA%8C%E6%9D%91 https://uub.jp/upd/kagawa.html https://uub.jp/upd/u/u4247.html,medium,旧郡: 三豊郡。その後の経路: 高瀬町 → 2006-01-01に三豊市へ。読み: Wikipedia記事のみ（1出典）
88,showa,比地大村,ひじだいむら,村,1955-03-31,新設合併,豊中村,三豊市,372081,20,,,,https://ja.wikipedia.org/wiki/%E9%A6%99%E5%B7%9D%E7%9C%8C%E3%81%AE%E5%BB%83%E6%AD%A2%E5%B8%82%E7%94%BA%E6%9D%91%E4%B8%80%E8%A6%A7 https://ja.wikipedia.org/wiki/%E6%AF%94%E5%9C%B0%E5%A4%A7%E6%9D%91 https://uub.jp/upd/kagawa.html https://uub.jp/upd/u/u4246.html,medium,旧郡: 三豊郡。その後の経路: 豊中村 → 1957-01-01に豊中町へ（町制等） → 2006-01-01に三豊市へ。読み: Wikipedia記事のみ（1出典）
89,showa,笠田村,かさだむら,村,1955-03-31,新設合併,豊中村,三豊市,372081,20,,,,https://ja.wikipedia.org/wiki/%E9%A6%99%E5%B7%9D%E7%9C%8C%E3%81%AE%E5%BB%83%E6%AD%A2%E5%B8%82%E7%94%BA%E6%9D%91%E4%B8%80%E8%A6%A7 https://ja.wikipedia.org/wiki/%E7%AC%A0%E7%94%B0%E6%9D%91_%28%E9%A6%99%E5%B7%9D%E7%9C%8C%29 https://uub.jp/upd/kagawa.html https://uub.jp/upd/u/u4246.html,medium,旧郡: 三豊郡。その後の経路: 豊中村 → 1957-01-01に豊中町へ（町制等） → 2006-01-01に三豊市へ。読み: Wikipedia記事のみ（1出典）
90,showa,麻村,あさむら,村,1955-03-31,新設合併,高瀬町,三豊市,372081,22,,,,https://ja.wikipedia.org/wiki/%E9%A6%99%E5%B7%9D%E7%9C%8C%E3%81%AE%E5%BB%83%E6%AD%A2%E5%B8%82%E7%94%BA%E6%9D%91%E4%B8%80%E8%A6%A7 https://ja.wikipedia.org/wiki/%E9%BA%BB%E6%9D%91 https://uub.jp/upd/kagawa.html https://uub.jp/upd/u/u4247.html,medium,旧郡: 三豊郡。その後の経路: 高瀬町 → 2006-01-01に三豊市へ。読み: Wikipedia記事のみ（1出典）
91,showa,七箇村,しちかむら,村,1955-04-01,新設合併,仲南村,まんのう町,374067,28,,,,https://ja.wikipedia.org/wiki/%E9%A6%99%E5%B7%9D%E7%9C%8C%E3%81%AE%E5%BB%83%E6%AD%A2%E5%B8%82%E7%94%BA%E6%9D%91%E4%B8%80%E8%A6%A7 https://ja.wikipedia.org/wiki/%E4%B8%83%E7%AE%87%E6%9D%91 https://uub.jp/upd/kagawa.html https://uub.jp/upd/u/u3894.html,medium,旧郡: 仲多度郡。その後の経路: 仲南村 → 1970-01-01に仲南町へ（町制等） → 2006-03-20にまんのう町へ。読み: Wikipedia記事のみ（1出典）
92,showa,下高瀬村,しもたかせむら,村,1955-04-01,新設合併,三野村,三豊市,372081,16,,,,https://ja.wikipedia.org/wiki/%E9%A6%99%E5%B7%9D%E7%9C%8C%E3%81%AE%E5%BB%83%E6%AD%A2%E5%B8%82%E7%94%BA%E6%9D%91%E4%B8%80%E8%A6%A7 https://ja.wikipedia.org/wiki/%E4%B8%8B%E9%AB%98%E7%80%AC%E6%9D%91 https://uub.jp/upd/kagawa.html https://uub.jp/upd/u/u3897.html,medium,旧郡: 三豊郡。その後の経路: 三野村 → 1961-09-01に三野町へ（町制等） → 2006-01-01に三豊市へ。読み: Wikipedia記事のみ（1出典）
93,showa,北浦村,きたうらそん,村,1955-04-01,新設合併,土庄町,土庄町,373222,,,,,https://ja.wikipedia.org/wiki/%E9%A6%99%E5%B7%9D%E7%9C%8C%E3%81%AE%E5%BB%83%E6%AD%A2%E5%B8%82%E7%94%BA%E6%9D%91%E4%B8%80%E8%A6%A7 https://ja.wikipedia.org/wiki/%E5%8C%97%E6%B5%A6%E6%9D%91_%28%E9%A6%99%E5%B7%9D%E7%9C%8C%29 https://uub.jp/upd/kagawa.html https://uub.jp/upd/u/u3892.html,medium,旧郡: 小豆郡。読み: Wikipedia記事のみ（1出典）
94,showa,十河村,そがわむら,村,1955-04-01,新設合併,山田町,高松市,372013,,,,,https://ja.wikipedia.org/wiki/%E9%A6%99%E5%B7%9D%E7%9C%8C%E3%81%AE%E5%BB%83%E6%AD%A2%E5%B8%82%E7%94%BA%E6%9D%91%E4%B8%80%E8%A6%A7 https://ja.wikipedia.org/wiki/%E5%8D%81%E6%B2%B3%E6%9D%91 https://uub.jp/upd/kagawa.html https://uub.jp/upd/u/u3902.html,medium,旧郡: 木田郡。その後の経路: 山田町 → 1966-07-01に高松市へ。読み: Wikipedia記事のみ（1出典）
95,showa,十郷村,そごうそん,村,1955-04-01,新設合併,仲南村,まんのう町,374067,28,,,,https://ja.wikipedia.org/wiki/%E9%A6%99%E5%B7%9D%E7%9C%8C%E3%81%AE%E5%BB%83%E6%AD%A2%E5%B8%82%E7%94%BA%E6%9D%91%E4%B8%80%E8%A6%A7 https://ja.wikipedia.org/wiki/%E5%8D%81%E9%83%B7%E6%9D%91 https://uub.jp/upd/kagawa.html https://uub.jp/upd/u/u3894.html,medium,旧郡: 仲多度郡。その後の経路: 仲南村 → 1970-01-01に仲南町へ（町制等） → 2006-03-20にまんのう町へ。読み: Wikipedia記事のみ（1出典）
96,showa,吉津村,よしづむら,村,1955-04-01,新設合併,三野村,三豊市,372081,16,,,,https://ja.wikipedia.org/wiki/%E9%A6%99%E5%B7%9D%E7%9C%8C%E3%81%AE%E5%BB%83%E6%AD%A2%E5%B8%82%E7%94%BA%E6%9D%91%E4%B8%80%E8%A6%A7 https://ja.wikipedia.org/wiki/%E5%90%89%E6%B4%A5%E6%9D%91_%28%E9%A6%99%E5%B7%9D%E7%9C%8C%29 https://uub.jp/upd/kagawa.html https://uub.jp/upd/u/u3897.html,medium,旧郡: 三豊郡。その後の経路: 三野村 → 1961-09-01に三野町へ（町制等） → 2006-01-01に三豊市へ。読み: Wikipedia記事のみ（1出典）
97,showa,吉野村,よしのむら,村,1955-04-01,新設合併,満濃町,まんのう町,374067,29,,,,https://ja.wikipedia.org/wiki/%E9%A6%99%E5%B7%9D%E7%9C%8C%E3%81%AE%E5%BB%83%E6%AD%A2%E5%B8%82%E7%94%BA%E6%9D%91%E4%B8%80%E8%A6%A7 https://ja.wikipedia.org/wiki/%E5%90%89%E9%87%8E%E6%9D%91_%28%E9%A6%99%E5%B7%9D%E7%9C%8C%29 https://uub.jp/upd/kagawa.html https://uub.jp/upd/u/u3896.html,medium,旧郡: 仲多度郡。その後の経路: 満濃町 → 2006-03-20にまんのう町へ。読み: Wikipedia記事のみ（1出典）
98,showa,和田村,わだむら,村,1955-04-01,新設合併,豊浜町,観音寺市,372056,15,,,,https://ja.wikipedia.org/wiki/%E9%A6%99%E5%B7%9D%E7%9C%8C%E3%81%AE%E5%BB%83%E6%AD%A2%E5%B8%82%E7%94%BA%E6%9D%91%E4%B8%80%E8%A6%A7 https://ja.wikipedia.org/wiki/%E5%92%8C%E7%94%B0%E6%9D%91_%28%E9%A6%99%E5%B7%9D%E7%9C%8C%29 https://uub.jp/upd/kagawa.html https://uub.jp/upd/u/u3899.html,medium,旧郡: 三豊郡。その後の経路: 豊浜町 → 2005-10-11に観音寺市へ。読み: Wikipedia記事のみ（1出典）
99,showa,四条村,しじょうむら,村,1955-04-01,新設合併,満濃町,まんのう町,374067,29,,,,https://ja.wikipedia.org/wiki/%E9%A6%99%E5%B7%9D%E7%9C%8C%E3%81%AE%E5%BB%83%E6%AD%A2%E5%B8%82%E7%94%BA%E6%9D%91%E4%B8%80%E8%A6%A7 https://ja.wikipedia.org/wiki/%E5%9B%9B%E6%9D%A1%E6%9D%91 https://uub.jp/upd/kagawa.html https://uub.jp/upd/u/u3896.html,medium,旧郡: 仲多度郡。その後の経路: 満濃町 → 2006-03-20にまんのう町へ。読み: Wikipedia記事のみ（1出典）
100,showa,四海村,しかいそん,村,1955-04-01,新設合併,土庄町,土庄町,373222,,,,,https://ja.wikipedia.org/wiki/%E9%A6%99%E5%B7%9D%E7%9C%8C%E3%81%AE%E5%BB%83%E6%AD%A2%E5%B8%82%E7%94%BA%E6%9D%91%E4%B8%80%E8%A6%A7 https://ja.wikipedia.org/wiki/%E5%9B%9B%E6%B5%B7%E6%9D%91 https://uub.jp/upd/kagawa.html https://uub.jp/upd/u/u3892.html,medium,旧郡: 小豆郡。読み: Wikipedia記事のみ（1出典）
101,showa,土庄町,とのしょうちょう,町,1955-04-01,新設合併,土庄町,土庄町,373222,,,,,https://ja.wikipedia.org/wiki/%E9%A6%99%E5%B7%9D%E7%9C%8C%E3%81%AE%E5%BB%83%E6%AD%A2%E5%B8%82%E7%94%BA%E6%9D%91%E4%B8%80%E8%A6%A7 https://ja.wikipedia.org/wiki/%E5%9C%9F%E5%BA%84%E7%94%BA https://uub.jp/upd/kagawa.html https://uub.jp/upd/u/u3892.html,medium,旧郡: 小豆郡。Wikipedia一覧では『（旧）』付き（同日に同名の新自治体が成立）。読み: Wikipedia記事のみ（1出典）。読みは同名の後身自治体の記事による
102,showa,多和村,たわむら,村,1955-04-01,新設合併,長尾町,さぬき市,372064,5,,,,https://ja.wikipedia.org/wiki/%E9%A6%99%E5%B7%9D%E7%9C%8C%E3%81%AE%E5%BB%83%E6%AD%A2%E5%B8%82%E7%94%BA%E6%9D%91%E4%B8%80%E8%A6%A7 https://ja.wikipedia.org/wiki/%E5%A4%9A%E5%92%8C%E6%9D%91 https://uub.jp/upd/kagawa.html https://uub.jp/upd/u/u3900.html,medium,旧郡: 大川郡。その後の経路: 長尾町 → 1956-09-16に長尾町へ → 2002-04-01にさぬき市へ。読み: Wikipedia記事のみ（1出典）
103,showa,大見村,おおみむら,村,1955-04-01,新設合併,三野村,三豊市,372081,16,,,,https://ja.wikipedia.org/wiki/%E9%A6%99%E5%B7%9D%E7%9C%8C%E3%81%AE%E5%BB%83%E6%AD%A2%E5%B8%82%E7%94%BA%E6%9D%91%E4%B8%80%E8%A6%A7 https://ja.wikipedia.org/wiki/%E5%A4%A7%E8%A6%8B%E6%9D%91_%28%E9%A6%99%E5%B7%9D%E7%9C%8C%29 https://uub.jp/upd/kagawa.html https://uub.jp/upd/u/u3897.html,medium,旧郡: 三豊郡。その後の経路: 三野村 → 1961-09-01に三野町へ（町制等） → 2006-01-01に三豊市へ。読み: Wikipedia記事のみ（1出典）
104,showa,大野村,おおのむら,村,1955-04-01,新設合併,香川町,高松市,372013,27,,,,https://ja.wikipedia.org/wiki/%E9%A6%99%E5%B7%9D%E7%9C%8C%E3%81%AE%E5%BB%83%E6%AD%A2%E5%B8%82%E7%94%BA%E6%9D%91%E4%B8%80%E8%A6%A7 https://ja.wikipedia.org/wiki/%E5%A4%A7%E9%87%8E%E6%9D%91_%28%E9%A6%99%E5%B7%9D%E7%9C%8C%29 https://uub.jp/upd/kagawa.html https://uub.jp/upd/u/u3893.html,medium,旧郡: 香川郡。その後の経路: 香川町 → 2006-01-10に高松市へ。読み: Wikipedia記事のみ（1出典）
105,showa,大鐸村,おおぬでそん,村,1955-04-01,新設合併,土庄町,土庄町,373222,,,,,https://ja.wikipedia.org/wiki/%E9%A6%99%E5%B7%9D%E7%9C%8C%E3%81%AE%E5%BB%83%E6%AD%A2%E5%B8%82%E7%94%BA%E6%9D%91%E4%B8%80%E8%A6%A7 https://ja.wikipedia.org/wiki/%E5%A4%A7%E9%90%B8%E6%9D%91 https://uub.jp/upd/kagawa.html https://uub.jp/upd/u/u3892.html,medium,旧郡: 小豆郡。読み: Wikipedia記事のみ（1出典）
106,showa,小海村,おうみそん,村,1955-04-01,新設合併,引田町,東かがわ市,372072,7,,,,https://ja.wikipedia.org/wiki/%E9%A6%99%E5%B7%9D%E7%9C%8C%E3%81%AE%E5%BB%83%E6%AD%A2%E5%B8%82%E7%94%BA%E6%9D%91%E4%B8%80%E8%A6%A7 https://ja.wikipedia.org/wiki/%E5%B0%8F%E6%B5%B7%E6%9D%91_%28%E9%A6%99%E5%B7%9D%E7%9C%8C%29 https://uub.jp/upd/kagawa.html https://uub.jp/upd/u/u3901.html,medium,旧郡: 大川郡。その後の経路: 引田町 → 2003-04-01に東かがわ市へ。読み: Wikipedia記事のみ（1出典）
107,showa,川島町,かわしまちょう,町,1955-04-01,新設合併,山田町,高松市,372013,,,,,https://ja.wikipedia.org/wiki/%E9%A6%99%E5%B7%9D%E7%9C%8C%E3%81%AE%E5%BB%83%E6%AD%A2%E5%B8%82%E7%94%BA%E6%9D%91%E4%B8%80%E8%A6%A7 https://ja.wikipedia.org/wiki/%E5%B7%9D%E5%B3%B6%E7%94%BA_%28%E9%A6%99%E5%B7%9D%E7%9C%8C%29 https://uub.jp/upd/kagawa.html https://uub.jp/upd/u/u3902.html,medium,旧郡: 木田郡。その後の経路: 山田町 → 1966-07-01に高松市へ。読み: Wikipedia記事のみ（1出典）
108,showa,川東村,かわひがしむら,村,1955-04-01,新設合併,香川町,高松市,372013,27,,,,https://ja.wikipedia.org/wiki/%E9%A6%99%E5%B7%9D%E7%9C%8C%E3%81%AE%E5%BB%83%E6%AD%A2%E5%B8%82%E7%94%BA%E6%9D%91%E4%B8%80%E8%A6%A7 https://ja.wikipedia.org/wiki/%E5%B7%9D%E6%9D%B1%E6%9D%91_%28%E9%A6%99%E5%B7%9D%E7%9C%8C%29 https://uub.jp/upd/kagawa.html https://uub.jp/upd/u/u3893.html,medium,旧郡: 香川郡。その後の経路: 香川町 → 2006-01-10に高松市へ。読み: Wikipedia記事のみ（1出典）
109,showa,引田町,ひけたちょう,町,1955-04-01,新設合併,引田町,東かがわ市,372072,7,,,,https://ja.wikipedia.org/wiki/%E9%A6%99%E5%B7%9D%E7%9C%8C%E3%81%AE%E5%BB%83%E6%AD%A2%E5%B8%82%E7%94%BA%E6%9D%91%E4%B8%80%E8%A6%A7 https://ja.wikipedia.org/wiki/%E5%BC%95%E7%94%B0%E7%94%BA https://uub.jp/upd/kagawa.html https://uub.jp/upd/u/u3901.html,medium,旧郡: 大川郡。Wikipedia一覧では『（旧）』付き（同日に同名の新自治体が成立）。その後の経路: 引田町 → 2003-04-01に東かがわ市へ。読み: Wikipedia記事のみ（1出典）。読みは同名の後身自治体の記事による
110,showa,東植田村,ひがしうえたむら,村,1955-04-01,新設合併,山田町,高松市,372013,,,,,https://ja.wikipedia.org/wiki/%E9%A6%99%E5%B7%9D%E7%9C%8C%E3%81%AE%E5%BB%83%E6%AD%A2%E5%B8%82%E7%94%BA%E6%9D%91%E4%B8%80%E8%A6%A7 https://ja.wikipedia.org/wiki/%E6%9D%B1%E6%A4%8D%E7%94%B0%E6%9D%91 https://uub.jp/upd/kagawa.html https://uub.jp/upd/u/u3902.html,medium,旧郡: 木田郡。その後の経路: 山田町 → 1966-07-01に高松市へ。読み: Wikipedia記事のみ（1出典）
111,showa,榎井村,えないむら,村,1955-04-01,新設合併,琴平町,琴平町,374032,,,,,https://ja.wikipedia.org/wiki/%E9%A6%99%E5%B7%9D%E7%9C%8C%E3%81%AE%E5%BB%83%E6%AD%A2%E5%B8%82%E7%94%BA%E6%9D%91%E4%B8%80%E8%A6%A7 https://ja.wikipedia.org/wiki/%E6%A6%8E%E4%BA%95%E6%9D%91 https://uub.jp/upd/kagawa.html https://uub.jp/upd/u/u3895.html,medium,旧郡: 仲多度郡。読み: Wikipedia記事のみ（1出典）
112,showa,河内村,こうちむら,村,1955-04-01,新設合併,山本村,三豊市,372081,18,,,,https://ja.wikipedia.org/wiki/%E9%A6%99%E5%B7%9D%E7%9C%8C%E3%81%AE%E5%BB%83%E6%AD%A2%E5%B8%82%E7%94%BA%E6%9D%91%E4%B8%80%E8%A6%A7 https://ja.wikipedia.org/wiki/%E6%B2%B3%E5%86%85%E6%9D%91_%28%E9%A6%99%E5%B7%9D%E7%9C%8C%29 https://uub.jp/upd/kagawa.html https://uub.jp/upd/u/u3891.html,medium,旧郡: 三豊郡。その後の経路: 山本村 → 1957-11-03に山本町へ（町制等） → 2006-01-01に三豊市へ。読み: Wikipedia記事のみ（1出典）
113,showa,浅野村,あさのむら,村,1955-04-01,新設合併,香川町,高松市,372013,27,,,,https://ja.wikipedia.org/wiki/%E9%A6%99%E5%B7%9D%E7%9C%8C%E3%81%AE%E5%BB%83%E6%AD%A2%E5%B8%82%E7%94%BA%E6%9D%91%E4%B8%80%E8%A6%A7 https://ja.wikipedia.org/wiki/%E6%B5%85%E9%87%8E%E6%9D%91_%28%E9%A6%99%E5%B7%9D%E7%9C%8C%29 https://uub.jp/upd/kagawa.html https://uub.jp/upd/u/u3893.html,medium,旧郡: 香川郡。その後の経路: 香川町 → 2006-01-10に高松市へ。読み: Wikipedia記事のみ（1出典）
114,showa,淵崎村,ふちざきそん,村,1955-04-01,新設合併,土庄町,土庄町,373222,,,,,https://ja.wikipedia.org/wiki/%E9%A6%99%E5%B7%9D%E7%9C%8C%E3%81%AE%E5%BB%83%E6%AD%A2%E5%B8%82%E7%94%BA%E6%9D%91%E4%B8%80%E8%A6%A7 https://ja.wikipedia.org/wiki/%E6%B7%B5%E5%B4%8E%E6%9D%91 https://uub.jp/upd/kagawa.html https://uub.jp/upd/u/u3892.html,medium,旧郡: 小豆郡。読み: Wikipedia記事のみ（1出典）
115,showa,琴平町,ことひらちょう,町,1955-04-01,新設合併,琴平町,琴平町,374032,,,,,https://ja.wikipedia.org/wiki/%E9%A6%99%E5%B7%9D%E7%9C%8C%E3%81%AE%E5%BB%83%E6%AD%A2%E5%B8%82%E7%94%BA%E6%9D%91%E4%B8%80%E8%A6%A7 https://ja.wikipedia.org/wiki/%E7%90%B4%E5%B9%B3%E7%94%BA https://uub.jp/upd/kagawa.html https://uub.jp/upd/u/u3895.html,medium,旧郡: 仲多度郡。Wikipedia一覧では『（旧）』付き（同日に同名の新自治体が成立）。読み: Wikipedia記事のみ（1出典）。読みは同名の後身自治体の記事による
116,showa,相生村,あいおいむら,村,1955-04-01,新設合併,引田町,東かがわ市,372072,7,,,,https://ja.wikipedia.org/wiki/%E9%A6%99%E5%B7%9D%E7%9C%8C%E3%81%AE%E5%BB%83%E6%AD%A2%E5%B8%82%E7%94%BA%E6%9D%91%E4%B8%80%E8%A6%A7 https://ja.wikipedia.org/wiki/%E7%9B%B8%E7%94%9F%E6%9D%91_%28%E9%A6%99%E5%B7%9D%E7%9C%8C%29 https://uub.jp/upd/kagawa.html https://uub.jp/upd/u/u3901.html,medium,旧郡: 大川郡。その後の経路: 引田町 → 2003-04-01に東かがわ市へ。読み: Wikipedia記事のみ（1出典）
117,showa,神田村,こうだむら,村,1955-04-01,新設合併,山本村,三豊市,372081,18,,,,https://ja.wikipedia.org/wiki/%E9%A6%99%E5%B7%9D%E7%9C%8C%E3%81%AE%E5%BB%83%E6%AD%A2%E5%B8%82%E7%94%BA%E6%9D%91%E4%B8%80%E8%A6%A7 https://ja.wikipedia.org/wiki/%E7%A5%9E%E7%94%B0%E6%9D%91_%28%E9%A6%99%E5%B7%9D%E7%9C%8C%29 https://uub.jp/upd/kagawa.html https://uub.jp/upd/u/u3891.html,medium,旧郡: 三豊郡。その後の経路: 山本村 → 1957-11-03に山本町へ（町制等） → 2006-01-01に三豊市へ。読み: Wikipedia記事のみ（1出典）
118,showa,神野村,かんのそん,村,1955-04-01,新設合併,満濃町,まんのう町,374067,29,,,,https://ja.wikipedia.org/wiki/%E9%A6%99%E5%B7%9D%E7%9C%8C%E3%81%AE%E5%BB%83%E6%AD%A2%E5%B8%82%E7%94%BA%E6%9D%91%E4%B8%80%E8%A6%A7 https://ja.wikipedia.org/wiki/%E7%A5%9E%E9%87%8E%E6%9D%91_%28%E9%A6%99%E5%B7%9D%E7%9C%8C%29 https://uub.jp/upd/kagawa.html https://uub.jp/upd/u/u3896.html,medium,旧郡: 仲多度郡。Wikipedia記事の現在の自治体はまんのう町・琴平町（合併経路からはまんのう町。後年の境界変更等の可能性、未確認）。Wikipedia記事によると、大字五條の大部分は満濃町発足後の1956年・1957年に満濃町から琴平町へ割譲。current_city は合併経路の値のみ。その後の経路: 満濃町 → 2006-03-20にまんのう町へ。読み: Wikipedia記事のみ（1出典）
119,showa,粟島村,あわしまむら,村,1955-04-01,新設合併,詫間町,三豊市,372081,19,,,,https://ja.wikipedia.org/wiki/%E9%A6%99%E5%B7%9D%E7%9C%8C%E3%81%AE%E5%BB%83%E6%AD%A2%E5%B8%82%E7%94%BA%E6%9D%91%E4%B8%80%E8%A6%A7 https://ja.wikipedia.org/wiki/%E7%B2%9F%E5%B3%B6%E6%9D%91 https://uub.jp/upd/kagawa.html https://uub.jp/upd/u/u3898.html,medium,旧郡: 三豊郡。その後の経路: 詫間町 → 2006-01-01に三豊市へ。読み: Wikipedia記事のみ（1出典）
120,showa,荘内村,しょうないむら,村,1955-04-01,新設合併,詫間町,三豊市,372081,19,,,,https://ja.wikipedia.org/wiki/%E9%A6%99%E5%B7%9D%E7%9C%8C%E3%81%AE%E5%BB%83%E6%AD%A2%E5%B8%82%E7%94%BA%E6%9D%91%E4%B8%80%E8%A6%A7 https://ja.wikipedia.org/wiki/%E8%8D%98%E5%86%85%E6%9D%91_%28%E9%A6%99%E5%B7%9D%E7%9C%8C%29 https://uub.jp/upd/kagawa.html https://uub.jp/upd/u/u3898.html,medium,旧郡: 三豊郡。その後の経路: 詫間町 → 2006-01-01に三豊市へ。読み: Wikipedia記事のみ（1出典）
121,showa,西植田村,にしうえたむら,村,1955-04-01,新設合併,山田町,高松市,372013,,,,,https://ja.wikipedia.org/wiki/%E9%A6%99%E5%B7%9D%E7%9C%8C%E3%81%AE%E5%BB%83%E6%AD%A2%E5%B8%82%E7%94%BA%E6%9D%91%E4%B8%80%E8%A6%A7 https://ja.wikipedia.org/wiki/%E8%A5%BF%E6%A4%8D%E7%94%B0%E6%9D%91 https://uub.jp/upd/kagawa.html https://uub.jp/upd/u/u3902.html,medium,旧郡: 木田郡。その後の経路: 山田町 → 1966-07-01に高松市へ。読み: Wikipedia記事のみ（1出典）
122,showa,詫間町,たくまちょう,町,1955-04-01,新設合併,詫間町,三豊市,372081,19,,,,https://ja.wikipedia.org/wiki/%E9%A6%99%E5%B7%9D%E7%9C%8C%E3%81%AE%E5%BB%83%E6%AD%A2%E5%B8%82%E7%94%BA%E6%9D%91%E4%B8%80%E8%A6%A7 https://ja.wikipedia.org/wiki/%E8%A9%AB%E9%96%93%E7%94%BA https://uub.jp/upd/kagawa.html https://uub.jp/upd/u/u3898.html,medium,旧郡: 三豊郡。Wikipedia一覧では『（旧）』付き（同日に同名の新自治体が成立）。その後の経路: 詫間町 → 2006-01-01に三豊市へ。読み: Wikipedia記事のみ（1出典）。読みは同名の後身自治体の記事による
123,showa,豊島村,てしまそん,村,1955-04-01,新設合併,土庄町,土庄町,373222,,,,,https://ja.wikipedia.org/wiki/%E9%A6%99%E5%B7%9D%E7%9C%8C%E3%81%AE%E5%BB%83%E6%AD%A2%E5%B8%82%E7%94%BA%E6%9D%91%E4%B8%80%E8%A6%A7 https://ja.wikipedia.org/wiki/%E8%B1%8A%E5%B3%B6%E6%9D%91_%28%E9%A6%99%E5%B7%9D%E7%9C%8C%29 https://uub.jp/upd/kagawa.html https://uub.jp/upd/u/u3892.html,medium,旧郡: 小豆郡。読み: Wikipedia記事のみ（1出典）
124,showa,豊浜町,とよはまちょう,町,1955-04-01,新設合併,豊浜町,観音寺市,372056,15,,,,https://ja.wikipedia.org/wiki/%E9%A6%99%E5%B7%9D%E7%9C%8C%E3%81%AE%E5%BB%83%E6%AD%A2%E5%B8%82%E7%94%BA%E6%9D%91%E4%B8%80%E8%A6%A7 https://ja.wikipedia.org/wiki/%E8%B1%8A%E6%B5%9C%E7%94%BA_%28%E9%A6%99%E5%B7%9D%E7%9C%8C%29 https://uub.jp/upd/kagawa.html https://uub.jp/upd/u/u3899.html,medium,旧郡: 三豊郡。Wikipedia一覧では『（旧）』付き（同日に同名の新自治体が成立）。その後の経路: 豊浜町 → 2005-10-11に観音寺市へ。読み: Wikipedia記事のみ（1出典）。読みは同名の後身自治体の記事による
125,showa,財田大野村,さいたおおのむら,村,1955-04-01,新設合併,山本村,三豊市,372081,18,,,,https://ja.wikipedia.org/wiki/%E9%A6%99%E5%B7%9D%E7%9C%8C%E3%81%AE%E5%BB%83%E6%AD%A2%E5%B8%82%E7%94%BA%E6%9D%91%E4%B8%80%E8%A6%A7 https://ja.wikipedia.org/wiki/%E8%B2%A1%E7%94%B0%E5%A4%A7%E9%87%8E%E6%9D%91 https://uub.jp/upd/kagawa.html https://uub.jp/upd/u/u3891.html,medium,旧郡: 三豊郡。その後の経路: 山本村 → 1957-11-03に山本町へ（町制等） → 2006-01-01に三豊市へ。読み: Wikipedia記事のみ（1出典）
126,showa,辻村,つじむら,村,1955-04-01,新設合併,山本村,三豊市,372081,18,,,,https://ja.wikipedia.org/wiki/%E9%A6%99%E5%B7%9D%E7%9C%8C%E3%81%AE%E5%BB%83%E6%AD%A2%E5%B8%82%E7%94%BA%E6%9D%91%E4%B8%80%E8%A6%A7 https://ja.wikipedia.org/wiki/%E8%BE%BB%E6%9D%91 https://uub.jp/upd/kagawa.html https://uub.jp/upd/u/u3891.html,medium,旧郡: 三豊郡。その後の経路: 山本村 → 1957-11-03に山本町へ（町制等） → 2006-01-01に三豊市へ。読み: Wikipedia記事のみ（1出典）
127,showa,長尾町,ながおちょう,町,1955-04-01,新設合併,長尾町,さぬき市,372064,5,,,,https://ja.wikipedia.org/wiki/%E9%A6%99%E5%B7%9D%E7%9C%8C%E3%81%AE%E5%BB%83%E6%AD%A2%E5%B8%82%E7%94%BA%E6%9D%91%E4%B8%80%E8%A6%A7 https://ja.wikipedia.org/wiki/%E9%95%B7%E5%B0%BE%E7%94%BA_%28%E9%A6%99%E5%B7%9D%E7%9C%8C%29 https://uub.jp/upd/kagawa.html https://uub.jp/upd/u/u3900.html,medium,旧郡: 大川郡。Wikipedia一覧では『（旧）』付き（同日に同名の新自治体が成立）。その後の経路: 長尾町 → 1956-09-16に長尾町へ → 2002-04-01にさぬき市へ。読み: Wikipedia記事のみ（1出典）。読みは同名の後身自治体の記事による
128,showa,粟井村,あわいむら,村,1955-04-10,編入,観音寺市,観音寺市,372056,14,,,,https://ja.wikipedia.org/wiki/%E9%A6%99%E5%B7%9D%E7%9C%8C%E3%81%AE%E5%BB%83%E6%AD%A2%E5%B8%82%E7%94%BA%E6%9D%91%E4%B8%80%E8%A6%A7 https://ja.wikipedia.org/wiki/%E7%B2%9F%E4%BA%95%E6%9D%91_%28%E9%A6%99%E5%B7%9D%E7%9C%8C%29 https://uub.jp/upd/kagawa.html https://uub.jp/upd/u/u3788.html,medium,旧郡: 三豊郡。その後の経路: 観音寺市 → 2005-10-11に観音寺市へ。読み: Wikipedia記事のみ（1出典）
129,showa,紀伊村,きいむら,村,1955-04-10,編入,観音寺市;大野原町,観音寺市,372056,14,,,13,https://ja.wikipedia.org/wiki/%E9%A6%99%E5%B7%9D%E7%9C%8C%E3%81%AE%E5%BB%83%E6%AD%A2%E5%B8%82%E7%94%BA%E6%9D%91%E4%B8%80%E8%A6%A7 https://ja.wikipedia.org/wiki/%E7%B4%80%E4%BC%8A%E6%9D%91_%28%E9%A6%99%E5%B7%9D%E7%9C%8C%29 https://uub.jp/upd/kagawa.html https://uub.jp/upd/u/u3788.html,medium,旧郡: 三豊郡。分割の内訳(uub.jp): 観音寺市=一部、大野原町=一部（本=大部分、微=一部）。その後の経路: 観音寺市 → 2005-10-11に観音寺市へ / 大野原町 → 2005-10-11に観音寺市へ。分割編入（merged_into はセミコロン区切り）。読み: Wikipedia記事のみ（1出典）。平成の親が複数（分割編入のため。セミコロン区切り） / 区域が分かれたため、URL上の親は先頭の市町(主な行き先)とし、残りは also_ 列に入れた(2026-10-08 決定)
130,showa,豊田村,とよたむら,村,1955-04-10,編入,観音寺市,観音寺市,372056,14,,,,https://ja.wikipedia.org/wiki/%E9%A6%99%E5%B7%9D%E7%9C%8C%E3%81%AE%E5%BB%83%E6%AD%A2%E5%B8%82%E7%94%BA%E6%9D%91%E4%B8%80%E8%A6%A7 https://ja.wikipedia.org/wiki/%E8%B1%8A%E7%94%B0%E6%9D%91_%28%E9%A6%99%E5%B7%9D%E7%9C%8C%29 https://uub.jp/upd/kagawa.html https://uub.jp/upd/u/u3788.html,medium,旧郡: 三豊郡。その後の経路: 観音寺市 → 2005-10-11に観音寺市へ。読み: Wikipedia記事のみ（1出典）
131,showa,富田村,とみだむら,村,1955-04-15,新設合併,大川村,さぬき市,372064,1,,,,https://ja.wikipedia.org/wiki/%E9%A6%99%E5%B7%9D%E7%9C%8C%E3%81%AE%E5%BB%83%E6%AD%A2%E5%B8%82%E7%94%BA%E6%9D%91%E4%B8%80%E8%A6%A7 https://ja.wikipedia.org/wiki/%E5%AF%8C%E7%94%B0%E6%9D%91_%28%E9%A6%99%E5%B7%9D%E7%9C%8C%29 https://uub.jp/upd/kagawa.html https://uub.jp/upd/u/u3755.html,medium,旧郡: 大川郡。その後の経路: 大川村 → 1961-09-01に大川町へ（町制等） → 2002-04-01にさぬき市へ。読み: Wikipedia記事のみ（1出典）
132,showa,松尾村,まつおそん,村,1955-04-15,新設合併,大川村,さぬき市,372064,1,,,,https://ja.wikipedia.org/wiki/%E9%A6%99%E5%B7%9D%E7%9C%8C%E3%81%AE%E5%BB%83%E6%AD%A2%E5%B8%82%E7%94%BA%E6%9D%91%E4%B8%80%E8%A6%A7 https://ja.wikipedia.org/wiki/%E6%9D%BE%E5%B0%BE%E6%9D%91_%28%E9%A6%99%E5%B7%9D%E7%9C%8C%29 https://uub.jp/upd/kagawa.html https://uub.jp/upd/u/u3755.html,medium,旧郡: 大川郡。その後の経路: 大川村 → 1961-09-01に大川町へ（町制等） → 2002-04-01にさぬき市へ。読み: Wikipedia記事のみ（1出典）
133,showa,飯野村,いいのむら,村,1955-05-03,編入,丸亀市;宇多津町,丸亀市,372021,9,宇多津町,373869,,https://ja.wikipedia.org/wiki/%E9%A6%99%E5%B7%9D%E7%9C%8C%E3%81%AE%E5%BB%83%E6%AD%A2%E5%B8%82%E7%94%BA%E6%9D%91%E4%B8%80%E8%A6%A7 https://ja.wikipedia.org/wiki/%E9%A3%AF%E9%87%8E%E6%9D%91_%28%E9%A6%99%E5%B7%9D%E7%9C%8C%29 https://uub.jp/upd/kagawa.html https://uub.jp/upd/u/u3700.html,medium,旧郡: 綾歌郡。分割の内訳(uub.jp): 宇多津町=微、丸亀市=本（本=大部分、微=一部）。その後の経路: 丸亀市 → 2005-03-22に丸亀市へ。区域が複数の現市町にまたがるため current_city_name/current_city_code はセミコロン区切り。分割編入（merged_into はセミコロン区切り）。読み: Wikipedia記事のみ（1出典） / 区域が分かれたため、URL上の親は先頭の市町(主な行き先)とし、残りは also_ 列に入れた(2026-10-08 決定)
134,showa,五名村,ごみょうむら,村,1955-07-01,新設合併,白鳥町,東かがわ市,372072,8,,,,https://ja.wikipedia.org/wiki/%E9%A6%99%E5%B7%9D%E7%9C%8C%E3%81%AE%E5%BB%83%E6%AD%A2%E5%B8%82%E7%94%BA%E6%9D%91%E4%B8%80%E8%A6%A7 https://ja.wikipedia.org/wiki/%E4%BA%94%E5%90%8D%E6%9D%91 https://uub.jp/upd/kagawa.html https://uub.jp/upd/u/u3660.html,medium,旧郡: 大川郡。その後の経路: 白鳥町 → 2003-04-01に東かがわ市へ。読み: Wikipedia記事のみ（1出典）
135,showa,白鳥本町,しろとりほんちょう,町,1955-07-01,新設合併,白鳥町,東かがわ市,372072,8,,,,https://ja.wikipedia.org/wiki/%E9%A6%99%E5%B7%9D%E7%9C%8C%E3%81%AE%E5%BB%83%E6%AD%A2%E5%B8%82%E7%94%BA%E6%9D%91%E4%B8%80%E8%A6%A7 https://ja.wikipedia.org/wiki/%E7%99%BD%E9%B3%A5%E6%9C%AC%E7%94%BA https://uub.jp/upd/kagawa.html https://uub.jp/upd/u/u3660.html,medium,旧郡: 大川郡。その後の経路: 白鳥町 → 2003-04-01に東かがわ市へ。読み: Wikipedia記事のみ（1出典）
136,showa,白鳥村,しろとりむら,村,1955-07-01,新設合併,白鳥町,東かがわ市,372072,8,,,,https://ja.wikipedia.org/wiki/%E9%A6%99%E5%B7%9D%E7%9C%8C%E3%81%AE%E5%BB%83%E6%AD%A2%E5%B8%82%E7%94%BA%E6%9D%91%E4%B8%80%E8%A6%A7 https://ja.wikipedia.org/wiki/%E7%99%BD%E9%B3%A5%E6%9D%91_%28%E9%A6%99%E5%B7%9D%E7%9C%8C%29 https://uub.jp/upd/kagawa.html https://uub.jp/upd/u/u3660.html,medium,旧郡: 大川郡。その後の経路: 白鳥町 → 2003-04-01に東かがわ市へ。読み: Wikipedia記事のみ（1出典）
137,showa,石田村,いしだそん,村,1955-07-01,新設合併,寒川村,さぬき市,372064,2,,,,https://ja.wikipedia.org/wiki/%E9%A6%99%E5%B7%9D%E7%9C%8C%E3%81%AE%E5%BB%83%E6%AD%A2%E5%B8%82%E7%94%BA%E6%9D%91%E4%B8%80%E8%A6%A7 https://ja.wikipedia.org/wiki/%E7%9F%B3%E7%94%B0%E6%9D%91_%28%E9%A6%99%E5%B7%9D%E7%9C%8C%29 https://uub.jp/upd/kagawa.html https://uub.jp/upd/u/u3659.html,medium,旧郡: 大川郡。その後の経路: 寒川村 → 1961-09-01に寒川町へ（町制等） → 2002-04-01にさぬき市へ。読み: Wikipedia記事のみ（1出典）
138,showa,神前村,かんざきそん,村,1955-07-01,新設合併,寒川村,さぬき市,372064,2,,,,https://ja.wikipedia.org/wiki/%E9%A6%99%E5%B7%9D%E7%9C%8C%E3%81%AE%E5%BB%83%E6%AD%A2%E5%B8%82%E7%94%BA%E6%9D%91%E4%B8%80%E8%A6%A7 https://ja.wikipedia.org/wiki/%E7%A5%9E%E5%89%8D%E6%9D%91_%28%E9%A6%99%E5%B7%9D%E7%9C%8C%29 https://uub.jp/upd/kagawa.html https://uub.jp/upd/u/u3659.html,medium,旧郡: 大川郡。その後の経路: 寒川村 → 1961-09-01に寒川町へ（町制等） → 2002-04-01にさぬき市へ。読み: Wikipedia記事のみ（1出典）
139,showa,福栄村,ふくえむら,村,1955-07-01,新設合併,白鳥町,東かがわ市,372072,8,,,,https://ja.wikipedia.org/wiki/%E9%A6%99%E5%B7%9D%E7%9C%8C%E3%81%AE%E5%BB%83%E6%AD%A2%E5%B8%82%E7%94%BA%E6%9D%91%E4%B8%80%E8%A6%A7 https://ja.wikipedia.org/wiki/%E7%A6%8F%E6%A0%84%E6%9D%91_%28%E9%A6%99%E5%B7%9D%E7%9C%8C%29 https://uub.jp/upd/kagawa.html https://uub.jp/upd/u/u3660.html,medium,旧郡: 大川郡。その後の経路: 白鳥町 → 2003-04-01に東かがわ市へ。読み: Wikipedia記事のみ（1出典）
140,showa,高篠村,たかしのむら,村,1955-07-01,編入,満濃町,まんのう町,374067,29,,,,https://ja.wikipedia.org/wiki/%E9%A6%99%E5%B7%9D%E7%9C%8C%E3%81%AE%E5%BB%83%E6%AD%A2%E5%B8%82%E7%94%BA%E6%9D%91%E4%B8%80%E8%A6%A7 https://ja.wikipedia.org/wiki/%E9%AB%98%E7%AF%A0%E6%9D%91_%28%E9%A6%99%E5%B7%9D%E7%9C%8C%29 https://uub.jp/upd/kagawa.html https://uub.jp/upd/u/u3661.html,medium,旧郡: 仲多度郡。その後の経路: 満濃町 → 2006-03-20にまんのう町へ。読み: Wikipedia記事のみ（1出典）
141,showa,松山村,まつやまむら,村,1956-07-01,編入,坂出市,坂出市,372030,,,,,https://ja.wikipedia.org/wiki/%E9%A6%99%E5%B7%9D%E7%9C%8C%E3%81%AE%E5%BB%83%E6%AD%A2%E5%B8%82%E7%94%BA%E6%9D%91%E4%B8%80%E8%A6%A7 https://ja.wikipedia.org/wiki/%E6%9D%BE%E5%B1%B1%E6%9D%91_%28%E9%A6%99%E5%B7%9D%E7%9C%8C%29 https://uub.jp/upd/kagawa.html https://uub.jp/upd/u/u3396.html https://www.city.sakaide.lg.jp/soshiki/seisaku/shiikihensen.html,medium,旧郡: 綾歌郡。Wikipedia一覧は1955-07-01。uub.jp・坂出市「市域の変遷」・Wikipedia個別記事は1956-07-01（昭和31年7月1日）。後者を採用。読み: Wikipedia記事のみ（1出典）
142,showa,王越村,おうごしむら,村,1956-07-01,編入,坂出市,坂出市,372030,,,,,https://ja.wikipedia.org/wiki/%E9%A6%99%E5%B7%9D%E7%9C%8C%E3%81%AE%E5%BB%83%E6%AD%A2%E5%B8%82%E7%94%BA%E6%9D%91%E4%B8%80%E8%A6%A7 https://ja.wikipedia.org/wiki/%E7%8E%8B%E8%B6%8A%E6%9D%91 https://uub.jp/upd/kagawa.html https://uub.jp/upd/u/u3396.html https://www.city.sakaide.lg.jp/soshiki/seisaku/shiikihensen.html,medium,旧郡: 綾歌郡。Wikipedia一覧は1955-07-01。uub.jp・坂出市「市域の変遷」・Wikipedia個別記事は1956-07-01（昭和31年7月1日）。後者を採用。読み: Wikipedia記事のみ（1出典）
143,showa,坂本村,さかもとむら,村,1956-08-01,新設合併,飯山町,丸亀市,372021,11,,,,https://ja.wikipedia.org/wiki/%E9%A6%99%E5%B7%9D%E7%9C%8C%E3%81%AE%E5%BB%83%E6%AD%A2%E5%B8%82%E7%94%BA%E6%9D%91%E4%B8%80%E8%A6%A7 https://ja.wikipedia.org/wiki/%E5%9D%82%E6%9C%AC%E6%9D%91_%28%E9%A6%99%E5%B7%9D%E7%9C%8C%29 https://uub.jp/upd/kagawa.html https://uub.jp/upd/u/u3369.html,medium,旧郡: 綾歌郡。その後の経路: 飯山町 → 2005-03-22に丸亀市へ。読み: Wikipedia記事のみ（1出典）
144,showa,法勲寺村,ほうくんじむら,村,1956-08-01,新設合併,飯山町,丸亀市,372021,11,,,,https://ja.wikipedia.org/wiki/%E9%A6%99%E5%B7%9D%E7%9C%8C%E3%81%AE%E5%BB%83%E6%AD%A2%E5%B8%82%E7%94%BA%E6%9D%91%E4%B8%80%E8%A6%A7 https://ja.wikipedia.org/wiki/%E6%B3%95%E5%8B%B2%E5%AF%BA%E6%9D%91 https://uub.jp/upd/kagawa.html https://uub.jp/upd/u/u3369.html,medium,旧郡: 綾歌郡。その後の経路: 飯山町 → 2005-03-22に丸亀市へ。読み: Wikipedia記事のみ（1出典）
145,showa,津田町,つだちょう,町,1956-09-08,新設合併,津田町,さぬき市,372064,4,,,,https://ja.wikipedia.org/wiki/%E9%A6%99%E5%B7%9D%E7%9C%8C%E3%81%AE%E5%BB%83%E6%AD%A2%E5%B8%82%E7%94%BA%E6%9D%91%E4%B8%80%E8%A6%A7 https://ja.wikipedia.org/wiki/%E6%B4%A5%E7%94%B0%E7%94%BA_%28%E9%A6%99%E5%B7%9D%E7%9C%8C%29 https://uub.jp/upd/kagawa.html https://uub.jp/upd/u/u3323.html,medium,旧郡: 大川郡。Wikipedia一覧では『（旧）』付き（同日に同名の新自治体が成立）。その後の経路: 津田町 → 2002-04-01にさぬき市へ。読み: Wikipedia記事のみ（1出典）。読みは同名の後身自治体の記事による
146,showa,鶴羽村,つるわむら,村,1956-09-08,新設合併,津田町,さぬき市,372064,4,,,,https://ja.wikipedia.org/wiki/%E9%A6%99%E5%B7%9D%E7%9C%8C%E3%81%AE%E5%BB%83%E6%AD%A2%E5%B8%82%E7%94%BA%E6%9D%91%E4%B8%80%E8%A6%A7 https://ja.wikipedia.org/wiki/%E9%B6%B4%E7%BE%BD%E6%9D%91 https://uub.jp/upd/kagawa.html https://uub.jp/upd/u/u3323.html,medium,旧郡: 大川郡。その後の経路: 津田町 → 2002-04-01にさぬき市へ。読み: Wikipedia記事のみ（1出典）
147,showa,造田村,ぞうたそん,村,1956-09-16,新設合併,長尾町,さぬき市,372064,5,,,,https://ja.wikipedia.org/wiki/%E9%A6%99%E5%B7%9D%E7%9C%8C%E3%81%AE%E5%BB%83%E6%AD%A2%E5%B8%82%E7%94%BA%E6%9D%91%E4%B8%80%E8%A6%A7 https://ja.wikipedia.org/wiki/%E9%80%A0%E7%94%B0%E6%9D%91_%28%E9%A6%99%E5%B7%9D%E7%9C%8C%E5%A4%A7%E5%B7%9D%E9%83%A1%29 https://uub.jp/upd/kagawa.html https://uub.jp/upd/u/u3320.html,medium,旧郡: 大川郡。その後の経路: 長尾町 → 2002-04-01にさぬき市へ。読み: Wikipedia記事のみ（1出典）
148,showa,長尾町,ながおちょう,町,1956-09-16,新設合併,長尾町,さぬき市,372064,5,,,,https://ja.wikipedia.org/wiki/%E9%A6%99%E5%B7%9D%E7%9C%8C%E3%81%AE%E5%BB%83%E6%AD%A2%E5%B8%82%E7%94%BA%E6%9D%91%E4%B8%80%E8%A6%A7 https://ja.wikipedia.org/wiki/%E9%95%B7%E5%B0%BE%E7%94%BA_%28%E9%A6%99%E5%B7%9D%E7%9C%8C%29 https://uub.jp/upd/kagawa.html https://uub.jp/upd/u/u3320.html,medium,旧郡: 大川郡。Wikipedia一覧では『（旧）』付き（同日に同名の新自治体が成立）。その後の経路: 長尾町 → 2002-04-01にさぬき市へ。読み: Wikipedia記事のみ（1出典）。読みは同名の後身自治体の記事による
149,showa,美合村,みあいむら,村,1956-09-29,新設合併,琴南村,まんのう町,374067,30,,,,https://ja.wikipedia.org/wiki/%E9%A6%99%E5%B7%9D%E7%9C%8C%E3%81%AE%E5%BB%83%E6%AD%A2%E5%B8%82%E7%94%BA%E6%9D%91%E4%B8%80%E8%A6%A7 https://ja.wikipedia.org/wiki/%E7%BE%8E%E5%90%88%E6%9D%91_%28%E9%A6%99%E5%B7%9D%E7%9C%8C%29 https://uub.jp/upd/kagawa.html https://uub.jp/upd/u/u3294.html,medium,旧郡: 綾歌郡。その後の経路: 琴南村 → 1962-04-01に琴南町へ（町制等） → 2006-03-20にまんのう町へ。読み: Wikipedia記事のみ（1出典）
150,showa,造田村,そうだむら,村,1956-09-29,新設合併,琴南村,まんのう町,374067,30,,,,https://ja.wikipedia.org/wiki/%E9%A6%99%E5%B7%9D%E7%9C%8C%E3%81%AE%E5%BB%83%E6%AD%A2%E5%B8%82%E7%94%BA%E6%9D%91%E4%B8%80%E8%A6%A7 https://ja.wikipedia.org/wiki/%E9%80%A0%E7%94%B0%E6%9D%91_%28%E9%A6%99%E5%B7%9D%E7%9C%8C%E7%B6%BE%E6%AD%8C%E9%83%A1%29 https://uub.jp/upd/kagawa.html https://uub.jp/upd/u/u3294.html,medium,旧郡: 綾歌郡。その後の経路: 琴南村 → 1962-04-01に琴南町へ（町制等） → 2006-03-20にまんのう町へ。読み: Wikipedia記事のみ（1出典）
151,showa,一ノ谷村,いちのたにむら,村,1956-09-30,編入,観音寺市,観音寺市,372056,14,,,,https://ja.wikipedia.org/wiki/%E9%A6%99%E5%B7%9D%E7%9C%8C%E3%81%AE%E5%BB%83%E6%AD%A2%E5%B8%82%E7%94%BA%E6%9D%91%E4%B8%80%E8%A6%A7 https://ja.wikipedia.org/wiki/%E4%B8%80%E3%83%8E%E8%B0%B7%E6%9D%91 https://uub.jp/upd/kagawa.html https://uub.jp/upd/u/u2989.html,medium,旧郡: 三豊郡。官報告示(uub.jp記載): 1956/9/30（総理府告示第762号）。その後の経路: 観音寺市 → 2005-10-11に観音寺市へ。読み: Wikipedia記事のみ（1出典）
152,showa,一宮村,いちのみやむら,村,1956-09-30,編入,高松市,高松市,372013,,,,,https://ja.wikipedia.org/wiki/%E9%A6%99%E5%B7%9D%E7%9C%8C%E3%81%AE%E5%BB%83%E6%AD%A2%E5%B8%82%E7%94%BA%E6%9D%91%E4%B8%80%E8%A6%A7 https://ja.wikipedia.org/wiki/%E4%B8%80%E5%AE%AE%E6%9D%91_%28%E9%A6%99%E5%B7%9D%E7%9C%8C%29 https://uub.jp/upd/kagawa.html https://uub.jp/upd/u/u2995.html,medium,旧郡: 香川郡。官報告示(uub.jp記載): 1956/9/30（総理府告示第767号）。読み: Wikipedia記事のみ（1出典）
153,showa,三谷村,みたにむら,村,1956-09-30,編入,高松市,高松市,372013,,,,,https://ja.wikipedia.org/wiki/%E9%A6%99%E5%B7%9D%E7%9C%8C%E3%81%AE%E5%BB%83%E6%AD%A2%E5%B8%82%E7%94%BA%E6%9D%91%E4%B8%80%E8%A6%A7 https://ja.wikipedia.org/wiki/%E4%B8%89%E8%B0%B7%E6%9D%91_%28%E9%A6%99%E5%B7%9D%E7%9C%8C%29 https://uub.jp/upd/kagawa.html https://uub.jp/upd/u/u2995.html,medium,旧郡: 木田郡。官報告示(uub.jp記載): 1956/9/30（総理府告示第767号）。読み: Wikipedia記事のみ（1出典）
154,showa,上笠居村,かみかさいむら,村,1956-09-30,編入,高松市,高松市,372013,,,,,https://ja.wikipedia.org/wiki/%E9%A6%99%E5%B7%9D%E7%9C%8C%E3%81%AE%E5%BB%83%E6%AD%A2%E5%B8%82%E7%94%BA%E6%9D%91%E4%B8%80%E8%A6%A7 https://ja.wikipedia.org/wiki/%E4%B8%8A%E7%AC%A0%E5%B1%85%E6%9D%91 https://uub.jp/upd/kagawa.html https://uub.jp/upd/u/u2995.html,medium,旧郡: 香川郡。官報告示(uub.jp記載): 1956/9/30（総理府告示第767号）。読み: Wikipedia記事のみ（1出典）
155,showa,上西村,かみにしむら,村,1956-09-30,新設合併,塩江町,高松市,372013,12,,,,https://ja.wikipedia.org/wiki/%E9%A6%99%E5%B7%9D%E7%9C%8C%E3%81%AE%E5%BB%83%E6%AD%A2%E5%B8%82%E7%94%BA%E6%9D%91%E4%B8%80%E8%A6%A7 https://ja.wikipedia.org/wiki/%E4%B8%8A%E8%A5%BF%E6%9D%91 https://uub.jp/upd/kagawa.html https://uub.jp/upd/u/u2992.html,medium,旧郡: 香川郡。官報告示(uub.jp記載): 1956/9/30（総理府告示第765号）。その後の経路: 塩江町 → 2005-09-26に高松市へ。読み: Wikipedia記事のみ（1出典）
156,showa,下笠居村,しもかさいむら,村,1956-09-30,編入,高松市,高松市,372013,,,,,https://ja.wikipedia.org/wiki/%E9%A6%99%E5%B7%9D%E7%9C%8C%E3%81%AE%E5%BB%83%E6%AD%A2%E5%B8%82%E7%94%BA%E6%9D%91%E4%B8%80%E8%A6%A7 https://ja.wikipedia.org/wiki/%E4%B8%8B%E7%AC%A0%E5%B1%85%E6%9D%91 https://uub.jp/upd/kagawa.html https://uub.jp/upd/u/u2995.html,medium,旧郡: 香川郡。官報告示(uub.jp記載): 1956/9/30（総理府告示第767号）。読み: Wikipedia記事のみ（1出典）
157,showa,井戸村,いどむら,村,1956-09-30,編入,三木町,三木町,373419,,,,,https://ja.wikipedia.org/wiki/%E9%A6%99%E5%B7%9D%E7%9C%8C%E3%81%AE%E5%BB%83%E6%AD%A2%E5%B8%82%E7%94%BA%E6%9D%91%E4%B8%80%E8%A6%A7 https://ja.wikipedia.org/wiki/%E4%BA%95%E6%88%B8%E6%9D%91 https://uub.jp/upd/kagawa.html https://uub.jp/upd/u/u2994.html,medium,旧郡: 木田郡。官報告示(uub.jp記載): 1956/9/30（総理府告示第768号）。Wikipedia記事の現在の自治体は三木町・さぬき市（合併経路からは三木町。後年の境界変更等の可能性、未確認）。Wikipedia記事によると、1959年11月1日に旧村域の一部が大川郡長尾町（現さぬき市）へ編入。current_city は合併経路の値のみ。読み: Wikipedia記事のみ（1出典）
158,showa,仏生山町,ぶっしょうざんちょう,町,1956-09-30,編入,高松市,高松市,372013,,,,,https://ja.wikipedia.org/wiki/%E9%A6%99%E5%B7%9D%E7%9C%8C%E3%81%AE%E5%BB%83%E6%AD%A2%E5%B8%82%E7%94%BA%E6%9D%91%E4%B8%80%E8%A6%A7 https://ja.wikipedia.org/wiki/%E4%BB%8F%E7%94%9F%E5%B1%B1%E7%94%BA https://uub.jp/upd/kagawa.html https://uub.jp/upd/u/u2995.html,medium,旧郡: 香川郡。官報告示(uub.jp記載): 1956/9/30（総理府告示第767号）。読み: Wikipedia記事のみ（1出典）
159,showa,伊吹村,いぶきむら,村,1956-09-30,編入,観音寺市,観音寺市,372056,14,,,,https://ja.wikipedia.org/wiki/%E9%A6%99%E5%B7%9D%E7%9C%8C%E3%81%AE%E5%BB%83%E6%AD%A2%E5%B8%82%E7%94%BA%E6%9D%91%E4%B8%80%E8%A6%A7 https://ja.wikipedia.org/wiki/%E4%BC%8A%E5%90%B9%E6%9D%91 https://uub.jp/upd/kagawa.html https://uub.jp/upd/u/u2989.html,medium,旧郡: 三豊郡。官報告示(uub.jp記載): 1956/9/30（総理府告示第762号）。その後の経路: 観音寺市 → 2005-10-11に観音寺市へ。読み: Wikipedia記事のみ（1出典）
160,showa,佐柳島村,さなぎしまむら,村,1956-09-30,編入,多度津町,多度津町,374041,,,,,https://ja.wikipedia.org/wiki/%E9%A6%99%E5%B7%9D%E7%9C%8C%E3%81%AE%E5%BB%83%E6%AD%A2%E5%B8%82%E7%94%BA%E6%9D%91%E4%B8%80%E8%A6%A7 https://ja.wikipedia.org/wiki/%E4%BD%90%E6%9F%B3%E5%B3%B6%E6%9D%91 https://uub.jp/upd/kagawa.html https://uub.jp/upd/u/u2990.html,medium,旧郡: 仲多度郡。官報告示(uub.jp記載): 1956/9/30（総理府告示第763号）。読み: Wikipedia記事のみ（1出典）
161,showa,円座村,えんざむら,村,1956-09-30,編入,高松市,高松市,372013,,,,,https://ja.wikipedia.org/wiki/%E9%A6%99%E5%B7%9D%E7%9C%8C%E3%81%AE%E5%BB%83%E6%AD%A2%E5%B8%82%E7%94%BA%E6%9D%91%E4%B8%80%E8%A6%A7 https://ja.wikipedia.org/wiki/%E5%86%86%E5%BA%A7%E6%9D%91 https://uub.jp/upd/kagawa.html https://uub.jp/upd/u/u2995.html,medium,旧郡: 香川郡。官報告示(uub.jp記載): 1956/9/30（総理府告示第767号）。読み: Wikipedia記事のみ（1出典）
162,showa,前田村,まえだむら,村,1956-09-30,編入,高松市,高松市,372013,,,,,https://ja.wikipedia.org/wiki/%E9%A6%99%E5%B7%9D%E7%9C%8C%E3%81%AE%E5%BB%83%E6%AD%A2%E5%B8%82%E7%94%BA%E6%9D%91%E4%B8%80%E8%A6%A7 https://ja.wikipedia.org/wiki/%E5%89%8D%E7%94%B0%E6%9D%91_%28%E9%A6%99%E5%B7%9D%E7%9C%8C%29 https://uub.jp/upd/kagawa.html https://uub.jp/upd/u/u2995.html,medium,旧郡: 木田郡。官報告示(uub.jp記載): 1956/9/30（総理府告示第767号）。読み: Wikipedia記事のみ（1出典）
163,showa,塩江村,しおのえむら,村,1956-09-30,新設合併,塩江町,高松市,372013,12,,,,https://ja.wikipedia.org/wiki/%E9%A6%99%E5%B7%9D%E7%9C%8C%E3%81%AE%E5%BB%83%E6%AD%A2%E5%B8%82%E7%94%BA%E6%9D%91%E4%B8%80%E8%A6%A7 https://ja.wikipedia.org/wiki/%E5%A1%A9%E6%B1%9F%E6%9D%91 https://uub.jp/upd/kagawa.html https://uub.jp/upd/u/u2992.html,medium,旧郡: 香川郡。官報告示(uub.jp記載): 1956/9/30（総理府告示第765号）。その後の経路: 塩江町 → 2005-09-26に高松市へ。読み: Wikipedia記事のみ（1出典）
164,showa,多肥村,たひむら,村,1956-09-30,編入,高松市,高松市,372013,,,,,https://ja.wikipedia.org/wiki/%E9%A6%99%E5%B7%9D%E7%9C%8C%E3%81%AE%E5%BB%83%E6%AD%A2%E5%B8%82%E7%94%BA%E6%9D%91%E4%B8%80%E8%A6%A7 https://ja.wikipedia.org/wiki/%E5%A4%9A%E8%82%A5%E6%9D%91 https://uub.jp/upd/kagawa.html https://uub.jp/upd/u/u2995.html,medium,旧郡: 香川郡。官報告示(uub.jp記載): 1956/9/30（総理府告示第767号）。読み: Wikipedia記事のみ（1出典）
165,showa,安原村,やすはらむら,村,1956-09-30,新設合併,塩江町,高松市,372013,12,,,,https://ja.wikipedia.org/wiki/%E9%A6%99%E5%B7%9D%E7%9C%8C%E3%81%AE%E5%BB%83%E6%AD%A2%E5%B8%82%E7%94%BA%E6%9D%91%E4%B8%80%E8%A6%A7 https://ja.wikipedia.org/wiki/%E5%AE%89%E5%8E%9F%E6%9D%91_%28%E9%A6%99%E5%B7%9D%E7%9C%8C%29 https://uub.jp/upd/kagawa.html https://uub.jp/upd/u/u2992.html,medium,旧郡: 香川郡。官報告示(uub.jp記載): 1956/9/30（総理府告示第765号）。その後の経路: 塩江町 → 2005-09-26に高松市へ。読み: Wikipedia記事のみ（1出典）
166,showa,川岡村,かわおかむら,村,1956-09-30,編入,高松市,高松市,372013,,,,,https://ja.wikipedia.org/wiki/%E9%A6%99%E5%B7%9D%E7%9C%8C%E3%81%AE%E5%BB%83%E6%AD%A2%E5%B8%82%E7%94%BA%E6%9D%91%E4%B8%80%E8%A6%A7 https://ja.wikipedia.org/wiki/%E5%B7%9D%E5%B2%A1%E6%9D%91_%28%E9%A6%99%E5%B7%9D%E7%9C%8C%29 https://uub.jp/upd/kagawa.html https://uub.jp/upd/u/u2995.html,medium,旧郡: 香川郡。官報告示(uub.jp記載): 1956/9/30（総理府告示第767号）。読み: Wikipedia記事のみ（1出典）
167,showa,川添村,かわぞえむら,村,1956-09-30,編入,高松市,高松市,372013,,,,,https://ja.wikipedia.org/wiki/%E9%A6%99%E5%B7%9D%E7%9C%8C%E3%81%AE%E5%BB%83%E6%AD%A2%E5%B8%82%E7%94%BA%E6%9D%91%E4%B8%80%E8%A6%A7 https://ja.wikipedia.org/wiki/%E5%B7%9D%E6%B7%BB%E6%9D%91_%28%E9%A6%99%E5%B7%9D%E7%9C%8C%29 https://uub.jp/upd/kagawa.html https://uub.jp/upd/u/u2995.html,medium,旧郡: 木田郡。官報告示(uub.jp記載): 1956/9/30（総理府告示第767号）。読み: Wikipedia記事のみ（1出典）
168,showa,弦打村,つるうちむら,村,1956-09-30,編入,高松市,高松市,372013,,,,,https://ja.wikipedia.org/wiki/%E9%A6%99%E5%B7%9D%E7%9C%8C%E3%81%AE%E5%BB%83%E6%AD%A2%E5%B8%82%E7%94%BA%E6%9D%91%E4%B8%80%E8%A6%A7 https://ja.wikipedia.org/wiki/%E5%BC%A6%E6%89%93%E6%9D%91 https://uub.jp/upd/kagawa.html https://uub.jp/upd/u/u2995.html,medium,旧郡: 香川郡。官報告示(uub.jp記載): 1956/9/30（総理府告示第767号）。読み: Wikipedia記事のみ（1出典）
169,showa,林村,はやしむら,村,1956-09-30,編入,高松市,高松市,372013,,,,,https://ja.wikipedia.org/wiki/%E9%A6%99%E5%B7%9D%E7%9C%8C%E3%81%AE%E5%BB%83%E6%AD%A2%E5%B8%82%E7%94%BA%E6%9D%91%E4%B8%80%E8%A6%A7 https://ja.wikipedia.org/wiki/%E6%9E%97%E6%9D%91_%28%E9%A6%99%E5%B7%9D%E7%9C%8C%29 https://uub.jp/upd/kagawa.html https://uub.jp/upd/u/u2995.html,medium,旧郡: 木田郡。官報告示(uub.jp記載): 1956/9/30（総理府告示第767号）。読み: Wikipedia記事のみ（1出典）
170,showa,檀紙村,だんしむら,村,1956-09-30,編入,高松市,高松市,372013,,,,,https://ja.wikipedia.org/wiki/%E9%A6%99%E5%B7%9D%E7%9C%8C%E3%81%AE%E5%BB%83%E6%AD%A2%E5%B8%82%E7%94%BA%E6%9D%91%E4%B8%80%E8%A6%A7 https://ja.wikipedia.org/wiki/%E6%AA%80%E7%B4%99%E6%9D%91 https://uub.jp/upd/kagawa.html https://uub.jp/upd/u/u2995.html,medium,旧郡: 香川郡。官報告示(uub.jp記載): 1956/9/30（総理府告示第767号）。読み: Wikipedia記事のみ（1出典）
171,showa,池西村,いけにしむら,村,1956-09-30,新設合併,香南町,高松市,372013,26,,,,https://ja.wikipedia.org/wiki/%E9%A6%99%E5%B7%9D%E7%9C%8C%E3%81%AE%E5%BB%83%E6%AD%A2%E5%B8%82%E7%94%BA%E6%9D%91%E4%B8%80%E8%A6%A7 https://ja.wikipedia.org/wiki/%E6%B1%A0%E8%A5%BF%E6%9D%91 https://uub.jp/upd/kagawa.html https://uub.jp/upd/u/u2991.html,medium,旧郡: 香川郡。官報告示(uub.jp記載): 1956/9/30（総理府告示第764号）。その後の経路: 香南町 → 2006-01-10に高松市へ。読み: Wikipedia記事のみ（1出典）
172,showa,由佐村,ゆさむら,村,1956-09-30,新設合併,香南町,高松市,372013,26,,,,https://ja.wikipedia.org/wiki/%E9%A6%99%E5%B7%9D%E7%9C%8C%E3%81%AE%E5%BB%83%E6%AD%A2%E5%B8%82%E7%94%BA%E6%9D%91%E4%B8%80%E8%A6%A7 https://ja.wikipedia.org/wiki/%E7%94%B1%E4%BD%90%E6%9D%91 https://uub.jp/upd/kagawa.html https://uub.jp/upd/u/u2991.html,medium,旧郡: 香川郡。官報告示(uub.jp記載): 1956/9/30（総理府告示第764号）。その後の経路: 香南町 → 2006-01-10に高松市へ。読み: Wikipedia記事のみ（1出典）
173,showa,長炭村,ながすみむら,村,1956-09-30,編入,満濃町,まんのう町,374067,29,,,,https://ja.wikipedia.org/wiki/%E9%A6%99%E5%B7%9D%E7%9C%8C%E3%81%AE%E5%BB%83%E6%AD%A2%E5%B8%82%E7%94%BA%E6%9D%91%E4%B8%80%E8%A6%A7 https://ja.wikipedia.org/wiki/%E9%95%B7%E7%82%AD%E6%9D%91 https://uub.jp/upd/kagawa.html https://uub.jp/upd/u/u2988.html,medium,旧郡: 綾歌郡。官報告示(uub.jp記載): 1956/9/30（総理府告示第761号）。その後の経路: 満濃町 → 2006-03-20にまんのう町へ。読み: Wikipedia記事のみ（1出典）
174,showa,雌雄島村,しゆうじまむら,村,1956-09-30,編入,高松市,高松市,372013,,,,,https://ja.wikipedia.org/wiki/%E9%A6%99%E5%B7%9D%E7%9C%8C%E3%81%AE%E5%BB%83%E6%AD%A2%E5%B8%82%E7%94%BA%E6%9D%91%E4%B8%80%E8%A6%A7 https://ja.wikipedia.org/wiki/%E9%9B%8C%E9%9B%84%E5%B3%B6%E6%9D%91 https://uub.jp/upd/kagawa.html https://uub.jp/upd/u/u2995.html,medium,旧郡: 香川郡。官報告示(uub.jp記載): 1956/9/30（総理府告示第767号）。読み: Wikipedia記事のみ（1出典）
175,showa,香西町,こうざいちょう,町,1956-09-30,編入,高松市,高松市,372013,,,,,https://ja.wikipedia.org/wiki/%E9%A6%99%E5%B7%9D%E7%9C%8C%E3%81%AE%E5%BB%83%E6%AD%A2%E5%B8%82%E7%94%BA%E6%9D%91%E4%B8%80%E8%A6%A7 https://ja.wikipedia.org/wiki/%E9%A6%99%E8%A5%BF%E7%94%BA https://uub.jp/upd/kagawa.html https://uub.jp/upd/u/u2995.html,medium,旧郡: 香川郡。官報告示(uub.jp記載): 1956/9/30（総理府告示第767号）。読み: Wikipedia記事のみ（1出典）
176,showa,高見島村,たかみしまむら,村,1956-09-30,編入,多度津町,多度津町,374041,,,,,https://ja.wikipedia.org/wiki/%E9%A6%99%E5%B7%9D%E7%9C%8C%E3%81%AE%E5%BB%83%E6%AD%A2%E5%B8%82%E7%94%BA%E6%9D%91%E4%B8%80%E8%A6%A7 https://ja.wikipedia.org/wiki/%E9%AB%98%E8%A6%8B%E5%B3%B6%E6%9D%91 https://uub.jp/upd/kagawa.html https://uub.jp/upd/u/u2990.html,medium,旧郡: 仲多度郡。官報告示(uub.jp記載): 1956/9/30（総理府告示第763号）。読み: Wikipedia記事のみ（1出典）
177,showa,鴨部村,かべむら,村,1956-09-30,編入,志度町,さぬき市,372064,3,,,,https://ja.wikipedia.org/wiki/%E9%A6%99%E5%B7%9D%E7%9C%8C%E3%81%AE%E5%BB%83%E6%AD%A2%E5%B8%82%E7%94%BA%E6%9D%91%E4%B8%80%E8%A6%A7 https://ja.wikipedia.org/wiki/%E9%B4%A8%E9%83%A8%E6%9D%91_%28%E9%A6%99%E5%B7%9D%E7%9C%8C%29 https://uub.jp/upd/kagawa.html https://uub.jp/upd/u/u2993.html,medium,旧郡: 大川郡。官報告示(uub.jp記載): 1956/9/30（総理府告示第766号）。その後の経路: 志度町 → 2002-04-01にさぬき市へ。読み: Wikipedia記事のみ（1出典）
178,showa,福田村,ふくだそん,村,1957-03-31,編入,内海町,小豆島町,373249,31,,,,https://ja.wikipedia.org/wiki/%E9%A6%99%E5%B7%9D%E7%9C%8C%E3%81%AE%E5%BB%83%E6%AD%A2%E5%B8%82%E7%94%BA%E6%9D%91%E4%B8%80%E8%A6%A7 https://ja.wikipedia.org/wiki/%E7%A6%8F%E7%94%B0%E6%9D%91_%28%E9%A6%99%E5%B7%9D%E7%9C%8C%29 https://uub.jp/upd/kagawa.html https://uub.jp/upd/u/u2858.html,medium,旧郡: 小豆郡。官報告示(uub.jp記載): 1957/3/29（総理府告示第94号）。その後の経路: 内海町 → 2006-03-21に小豆島町へ。読み: Wikipedia記事のみ（1出典）
179,showa,大部村,おおべそん,村,1957-07-01,編入,土庄町,土庄町,373222,,,,,https://ja.wikipedia.org/wiki/%E9%A6%99%E5%B7%9D%E7%9C%8C%E3%81%AE%E5%BB%83%E6%AD%A2%E5%B8%82%E7%94%BA%E6%9D%91%E4%B8%80%E8%A6%A7 https://ja.wikipedia.org/wiki/%E5%A4%A7%E9%83%A8%E6%9D%91_%28%E9%A6%99%E5%B7%9D%E7%9C%8C%29 https://uub.jp/upd/kagawa.html https://uub.jp/upd/u/u2789.html,medium,旧郡: 小豆郡。官報告示(uub.jp記載): 1957/7/1（総理府告示第310号）。読み: Wikipedia記事のみ（1出典）
180,showa,象郷村,ぞうごうむら,村,1958-03-31,編入,善通寺市;琴平町,善通寺市,372048,,琴平町,374032,,https://ja.wikipedia.org/wiki/%E9%A6%99%E5%B7%9D%E7%9C%8C%E3%81%AE%E5%BB%83%E6%AD%A2%E5%B8%82%E7%94%BA%E6%9D%91%E4%B8%80%E8%A6%A7 https://ja.wikipedia.org/wiki/%E8%B1%A1%E9%83%B7%E6%9D%91 https://uub.jp/upd/kagawa.html https://uub.jp/upd/u/u2679.html,medium,旧郡: 仲多度郡。分割の内訳(uub.jp): 善通寺市=一部、琴平町=一部（本=大部分、微=一部）。官報告示(uub.jp記載): 1958/3/31（総理府告示第71号）。区域が複数の現市町にまたがるため current_city_name/current_city_code はセミコロン区切り。分割編入（merged_into はセミコロン区切り）。読み: Wikipedia記事のみ（1出典） / 区域が分かれたため、URL上の親は先頭の市町(主な行き先)とし、残りは also_ 列に入れた(2026-10-08 決定)
181,showa,垂水村,たるみむら,村,1958-05-01,編入,丸亀市,丸亀市,372021,9,,,,https://ja.wikipedia.org/wiki/%E9%A6%99%E5%B7%9D%E7%9C%8C%E3%81%AE%E5%BB%83%E6%AD%A2%E5%B8%82%E7%94%BA%E6%9D%91%E4%B8%80%E8%A6%A7 https://ja.wikipedia.org/wiki/%E5%9E%82%E6%B0%B4%E6%9D%91 https://uub.jp/upd/kagawa.html https://uub.jp/upd/u/u2632.html,medium,旧郡: 仲多度郡。官報告示(uub.jp記載): 1958/4/30（総理府告示第191号）。その後の経路: 丸亀市 → 2005-03-22に丸亀市へ。読み: Wikipedia記事のみ（1出典）
182,showa,広島村,ひろしまむら,村,1958-05-01,編入,丸亀市,丸亀市,372021,9,,,,https://ja.wikipedia.org/wiki/%E9%A6%99%E5%B7%9D%E7%9C%8C%E3%81%AE%E5%BB%83%E6%AD%A2%E5%B8%82%E7%94%BA%E6%9D%91%E4%B8%80%E8%A6%A7 https://ja.wikipedia.org/wiki/%E5%BA%83%E5%B3%B6%E6%9D%91 https://uub.jp/upd/kagawa.html https://uub.jp/upd/u/u2632.html,medium,旧郡: 仲多度郡。官報告示(uub.jp記載): 1958/4/30（総理府告示第191号）。その後の経路: 丸亀市 → 2005-03-22に丸亀市へ。読み: Wikipedia記事のみ（1出典）
183,showa,久万玉村,くまたまむら,村,1959-04-01,新設合併,綾歌町,丸亀市,372021,10,,,,https://ja.wikipedia.org/wiki/%E9%A6%99%E5%B7%9D%E7%9C%8C%E3%81%AE%E5%BB%83%E6%AD%A2%E5%B8%82%E7%94%BA%E6%9D%91%E4%B8%80%E8%A6%A7 https://ja.wikipedia.org/wiki/%E4%B9%85%E4%B8%87%E7%8E%89%E6%9D%91 https://uub.jp/upd/kagawa.html https://uub.jp/upd/u/u2459.html,medium,旧郡: 綾歌郡。官報告示(uub.jp記載): 1959/3/30（総理府告示第110号）。その後の経路: 綾歌町 → 2005-03-22に丸亀市へ。読み: Wikipedia記事のみ（1出典）
184,showa,岡田村,おかだむら,村,1959-04-01,新設合併,綾歌町,丸亀市,372021,10,,,,https://ja.wikipedia.org/wiki/%E9%A6%99%E5%B7%9D%E7%9C%8C%E3%81%AE%E5%BB%83%E6%AD%A2%E5%B8%82%E7%94%BA%E6%9D%91%E4%B8%80%E8%A6%A7 https://ja.wikipedia.org/wiki/%E5%B2%A1%E7%94%B0%E6%9D%91_%28%E9%A6%99%E5%B7%9D%E7%9C%8C%29 https://uub.jp/upd/kagawa.html https://uub.jp/upd/u/u2459.html,medium,旧郡: 綾歌郡。官報告示(uub.jp記載): 1959/3/30（総理府告示第110号）。その後の経路: 綾歌町 → 2005-03-22に丸亀市へ。読み: Wikipedia記事のみ（1出典）
