code,pref_code,pref_name,city_name,pref_kana,city_kana,kind,is_northern_territory
010006,01,北海道,,ホッカイドウ,,pref,0
011002,01,北海道,札幌市,ホッカイドウ,サッポロシ,designated_city,0
011011,01,北海道,札幌市中央区,ホッカイドウ,サッポロシチュウオウク,ward,0
011029,01,北海道,札幌市北区,ホッカイドウ,サッポロシキタク,ward,0
011037,01,北海道,札幌市東区,ホッカイドウ,サッポロシヒガシク,ward,0
011045,01,北海道,札幌市白石区,ホッカイドウ,サッポロシシロイシク,ward,0
011053,01,北海道,札幌市豊平区,ホッカイドウ,サッポロシトヨヒラク,ward,0
011061,01,北海道,札幌市南区,ホッカイドウ,サッポロシミナミク,ward,0
011070,01,北海道,札幌市西区,ホッカイドウ,サッポロシニシク,ward,0
011088,01,北海道,札幌市厚別区,ホッカイドウ,サッポロシアツベツク,ward,0
011096,01,北海道,札幌市手稲区,ホッカイドウ,サッポロシテイネク,ward,0
011100,01,北海道,札幌市清田区,ホッカイドウ,サッポロシキヨタク,ward,0
012025,01,北海道,函館市,ホッカイドウ,ハコダテシ,city,0
012033,01,北海道,小樽市,ホッカイドウ,オタルシ,city,0
012041,01,北海道,旭川市,ホッカイドウ,アサヒカワシ,city,0
012050,01,北海道,室蘭市,ホッカイドウ,ムロランシ,city,0
012068,01,北海道,釧路市,ホッカイドウ,クシロシ,city,0
012076,01,北海道,帯広市,ホッカイドウ,オビヒロシ,city,0
012084,01,北海道,北見市,ホッカイドウ,キタミシ,city,0
012092,01,北海道,夕張市,ホッカイドウ,ユウバリシ,city,0
012106,01,北海道,岩見沢市,ホッカイドウ,イワミザワシ,city,0
012114,01,北海道,網走市,ホッカイドウ,アバシリシ,city,0
012122,01,北海道,留萌市,ホッカイドウ,ルモイシ,city,0
012131,01,北海道,苫小牧市,ホッカイドウ,トマコマイシ,city,0
012149,01,北海道,稚内市,ホッカイドウ,ワッカナイシ,city,0
012157,01,北海道,美唄市,ホッカイドウ,ビバイシ,city,0
012165,01,北海道,芦別市,ホッカイドウ,アシベツシ,city,0
012173,01,北海道,江別市,ホッカイドウ,エベツシ,city,0
012181,01,北海道,赤平市,ホッカイドウ,アカビラシ,city,0
012190,01,北海道,紋別市,ホッカイドウ,モンベツシ,city,0
012203,01,北海道,士別市,ホッカイドウ,シベツシ,city,0
012211,01,北海道,名寄市,ホッカイドウ,ナヨロシ,city,0
012220,01,北海道,三笠市,ホッカイドウ,ミカサシ,city,0
012238,01,北海道,根室市,ホッカイドウ,ネムロシ,city,0
012246,01,北海道,千歳市,ホッカイドウ,チトセシ,city,0
012254,01,北海道,滝川市,ホッカイドウ,タキカワシ,city,0
012262,01,北海道,砂川市,ホッカイドウ,スナガワシ,city,0
012271,01,北海道,歌志内市,ホッカイドウ,ウタシナイシ,city,0
012289,01,北海道,深川市,ホッカイドウ,フカガワシ,city,0
012297,01,北海道,富良野市,ホッカイドウ,フラノシ,city,0
012301,01,北海道,登別市,ホッカイドウ,ノボリベツシ,city,0
012319,01,北海道,恵庭市,ホッカイドウ,エニワシ,city,0
012335,01,北海道,伊達市,ホッカイドウ,ダテシ,city,0
012343,01,北海道,北広島市,ホッカイドウ,キタヒロシマシ,city,0
012351,01,北海道,石狩市,ホッカイドウ,イシカリシ,city,0
012360,01,北海道,北斗市,ホッカイドウ,ホクトシ,city,0
013030,01,北海道,当別町,ホッカイドウ,トウベツチョウ,town,0
013048,01,北海道,新篠津村,ホッカイドウ,シンシノツムラ,village,0
013315,01,北海道,松前町,ホッカイドウ,マツマエチョウ,town,0
013323,01,北海道,福島町,ホッカイドウ,フクシマチョウ,town,0
013331,01,北海道,知内町,ホッカイドウ,シリウチチョウ,town,0
013340,01,北海道,木古内町,ホッカイドウ,キコナイチョウ,town,0
013374,01,北海道,七飯町,ホッカイドウ,ナナエチョウ,town,0
013439,01,北海道,鹿部町,ホッカイドウ,シカベチョウ,town,0
013455,01,北海道,森町,ホッカイドウ,モリマチ,town,0
013463,01,北海道,八雲町,ホッカイドウ,ヤクモチョウ,town,0
013471,01,北海道,長万部町,ホッカイドウ,オシャマンベチョウ,town,0
013617,01,北海道,江差町,ホッカイドウ,エサシチョウ,town,0
013625,01,北海道,上ノ国町,ホッカイドウ,カミノクニチョウ,town,0
013633,01,北海道,厚沢部町,ホッカイドウ,アッサブチョウ,town,0
013641,01,北海道,乙部町,ホッカイドウ,オトベチョウ,town,0
013676,01,北海道,奥尻町,ホッカイドウ,オクシリチョウ,town,0
013706,01,北海道,今金町,ホッカイドウ,イマカネチョウ,town,0
013714,01,北海道,せたな町,ホッカイドウ,セタナチョウ,town,0
013919,01,北海道,島牧村,ホッカイドウ,シママキムラ,village,0
013927,01,北海道,寿都町,ホッカイドウ,スッツチョウ,town,0
013935,01,北海道,黒松内町,ホッカイドウ,クロマツナイチョウ,town,0
013943,01,北海道,蘭越町,ホッカイドウ,ランコシチョウ,town,0
013951,01,北海道,ニセコ町,ホッカイドウ,ニセコチョウ,town,0
013960,01,北海道,真狩村,ホッカイドウ,マッカリムラ,village,0
013978,01,北海道,留寿都村,ホッカイドウ,ルスツムラ,village,0
013986,01,北海道,喜茂別町,ホッカイドウ,キモベツチョウ,town,0
013994,01,北海道,京極町,ホッカイドウ,キョウゴクチョウ,town,0
014001,01,北海道,倶知安町,ホッカイドウ,クッチャンチョウ,town,0
014010,01,北海道,共和町,ホッカイドウ,キョウワチョウ,town,0
014028,01,北海道,岩内町,ホッカイドウ,イワナイチョウ,town,0
014036,01,北海道,泊村,ホッカイドウ,トマリムラ,village,0
014044,01,北海道,神恵内村,ホッカイドウ,カモエナイムラ,village,0
014052,01,北海道,積丹町,ホッカイドウ,シャコタンチョウ,town,0
014061,01,北海道,古平町,ホッカイドウ,フルビラチョウ,town,0
014079,01,北海道,仁木町,ホッカイドウ,ニキチョウ,town,0
014087,01,北海道,余市町,ホッカイドウ,ヨイチチョウ,town,0
014095,01,北海道,赤井川村,ホッカイドウ,アカイガワムラ,village,0
014231,01,北海道,南幌町,ホッカイドウ,ナンポロチョウ,town,0
014249,01,北海道,奈井江町,ホッカイドウ,ナイエチョウ,town,0
014257,01,北海道,上砂川町,ホッカイドウ,カミスナガワチョウ,town,0
014273,01,北海道,由仁町,ホッカイドウ,ユニチョウ,town,0
014281,01,北海道,長沼町,ホッカイドウ,ナガヌマチョウ,town,0
014290,01,北海道,栗山町,ホッカイドウ,クリヤマチョウ,town,0
014303,01,北海道,月形町,ホッカイドウ,ツキガタチョウ,town,0
014311,01,北海道,浦臼町,ホッカイドウ,ウラウスチョウ,town,0
014320,01,北海道,新十津川町,ホッカイドウ,シントツカワチョウ,town,0
014338,01,北海道,妹背牛町,ホッカイドウ,モセウシチョウ,town,0
014346,01,北海道,秩父別町,ホッカイドウ,チップベツチョウ,town,0
014362,01,北海道,雨竜町,ホッカイドウ,ウリュウチョウ,town,0
014371,01,北海道,北竜町,ホッカイドウ,ホクリュウチョウ,town,0
014389,01,北海道,沼田町,ホッカイドウ,ヌマタチョウ,town,0
014524,01,北海道,鷹栖町,ホッカイドウ,タカスチョウ,town,0
014532,01,北海道,東神楽町,ホッカイドウ,ヒガシカグラチョウ,town,0
014541,01,北海道,当麻町,ホッカイドウ,トウマチョウ,town,0
014559,01,北海道,比布町,ホッカイドウ,ピップチョウ,town,0
014567,01,北海道,愛別町,ホッカイドウ,アイベツチョウ,town,0
014575,01,北海道,上川町,ホッカイドウ,カミカワチョウ,town,0
014583,01,北海道,東川町,ホッカイドウ,ヒガシカワチョウ,town,0
014591,01,北海道,美瑛町,ホッカイドウ,ビエイチョウ,town,0
014605,01,北海道,上富良野町,ホッカイドウ,カミフラノチョウ,town,0
014613,01,北海道,中富良野町,ホッカイドウ,ナカフラノチョウ,town,0
014621,01,北海道,南富良野町,ホッカイドウ,ミナミフラノチョウ,town,0
014630,01,北海道,占冠村,ホッカイドウ,シムカップムラ,village,0
014648,01,北海道,和寒町,ホッカイドウ,ワッサムチョウ,town,0
014656,01,北海道,剣淵町,ホッカイドウ,ケンブチチョウ,town,0
014681,01,北海道,下川町,ホッカイドウ,シモカワチョウ,town,0
014699,01,北海道,美深町,ホッカイドウ,ビフカチョウ,town,0
014702,01,北海道,音威子府村,ホッカイドウ,オトイネップムラ,village,0
014711,01,北海道,中川町,ホッカイドウ,ナカガワチョウ,town,0
014729,01,北海道,幌加内町,ホッカイドウ,ホロカナイチョウ,town,0
014818,01,北海道,増毛町,ホッカイドウ,マシケチョウ,town,0
014826,01,北海道,小平町,ホッカイドウ,オビラチョウ,town,0
014834,01,北海道,苫前町,ホッカイドウ,トママエチョウ,town,0
014842,01,北海道,羽幌町,ホッカイドウ,ハボロチョウ,town,0
014851,01,北海道,初山別村,ホッカイドウ,ショサンベツムラ,village,0
014869,01,北海道,遠別町,ホッカイドウ,エンベツチョウ,town,0
014877,01,北海道,天塩町,ホッカイドウ,テシオチョウ,town,0
015113,01,北海道,猿払村,ホッカイドウ,サルフツムラ,village,0
015121,01,北海道,浜頓別町,ホッカイドウ,ハマトンベツチョウ,town,0
015130,01,北海道,中頓別町,ホッカイドウ,ナカトンベツチョウ,town,0
015148,01,北海道,枝幸町,ホッカイドウ,エサシチョウ,town,0
015164,01,北海道,豊富町,ホッカイドウ,トヨトミチョウ,town,0
015172,01,北海道,礼文町,ホッカイドウ,レブンチョウ,town,0
015181,01,北海道,利尻町,ホッカイドウ,リシリチョウ,town,0
015199,01,北海道,利尻富士町,ホッカイドウ,リシリフジチョウ,town,0
015202,01,北海道,幌延町,ホッカイドウ,ホロノベチョウ,town,0
015431,01,北海道,美幌町,ホッカイドウ,ビホロチョウ,town,0
015440,01,北海道,津別町,ホッカイドウ,ツベツチョウ,town,0
015458,01,北海道,斜里町,ホッカイドウ,シャリチョウ,town,0
015466,01,北海道,清里町,ホッカイドウ,キヨサトチョウ,town,0
015474,01,北海道,小清水町,ホッカイドウ,コシミズチョウ,town,0
015491,01,北海道,訓子府町,ホッカイドウ,クンネップチョウ,town,0
015504,01,北海道,置戸町,ホッカイドウ,オケトチョウ,town,0
015521,01,北海道,佐呂間町,ホッカイドウ,サロマチョウ,town,0
015555,01,北海道,遠軽町,ホッカイドウ,エンガルチョウ,town,0
015598,01,北海道,湧別町,ホッカイドウ,ユウベツチョウ,town,0
015601,01,北海道,滝上町,ホッカイドウ,タキノウエチョウ,town,0
015610,01,北海道,興部町,ホッカイドウ,オコッペチョウ,town,0
015628,01,北海道,西興部村,ホッカイドウ,ニシオコッペムラ,village,0
015636,01,北海道,雄武町,ホッカイドウ,オウムチョウ,town,0
015644,01,北海道,大空町,ホッカイドウ,オオゾラチョウ,town,0
015717,01,北海道,豊浦町,ホッカイドウ,トヨウラチョウ,town,0
015750,01,北海道,壮瞥町,ホッカイドウ,ソウベツチョウ,town,0
015784,01,北海道,白老町,ホッカイドウ,シラオイチョウ,town,0
015814,01,北海道,厚真町,ホッカイドウ,アツマチョウ,town,0
015849,01,北海道,洞爺湖町,ホッカイドウ,トウヤコチョウ,town,0
015857,01,北海道,安平町,ホッカイドウ,アビラチョウ,town,0
015865,01,北海道,むかわ町,ホッカイドウ,ムカワチョウ,town,0
016012,01,北海道,日高町,ホッカイドウ,ヒダカチョウ,town,0
016021,01,北海道,平取町,ホッカイドウ,ビラトリチョウ,town,0
016047,01,北海道,新冠町,ホッカイドウ,ニイカップチョウ,town,0
016071,01,北海道,浦河町,ホッカイドウ,ウラカワチョウ,town,0
016080,01,北海道,様似町,ホッカイドウ,サマニチョウ,town,0
016098,01,北海道,えりも町,ホッカイドウ,エリモチョウ,town,0
016101,01,北海道,新ひだか町,ホッカイドウ,シンヒダカチョウ,town,0
016314,01,北海道,音更町,ホッカイドウ,オトフケチョウ,town,0
016322,01,北海道,士幌町,ホッカイドウ,シホロチョウ,town,0
016331,01,北海道,上士幌町,ホッカイドウ,カミシホロチョウ,town,0
016349,01,北海道,鹿追町,ホッカイドウ,シカオイチョウ,town,0
016357,01,北海道,新得町,ホッカイドウ,シントクチョウ,town,0
016365,01,北海道,清水町,ホッカイドウ,シミズチョウ,town,0
016373,01,北海道,芽室町,ホッカイドウ,メムロチョウ,town,0
016381,01,北海道,中札内村,ホッカイドウ,ナカサツナイムラ,village,0
016390,01,北海道,更別村,ホッカイドウ,サラベツムラ,village,0
016411,01,北海道,大樹町,ホッカイドウ,タイキチョウ,town,0
016420,01,北海道,広尾町,ホッカイドウ,ヒロオチョウ,town,0
016438,01,北海道,幕別町,ホッカイドウ,マクベツチョウ,town,0
016446,01,北海道,池田町,ホッカイドウ,イケダチョウ,town,0
016454,01,北海道,豊頃町,ホッカイドウ,トヨコロチョウ,town,0
016462,01,北海道,本別町,ホッカイドウ,ホンベツチョウ,town,0
016471,01,北海道,足寄町,ホッカイドウ,アショロチョウ,town,0
016489,01,北海道,陸別町,ホッカイドウ,リクベツチョウ,town,0
016497,01,北海道,浦幌町,ホッカイドウ,ウラホロチョウ,town,0
016616,01,北海道,釧路町,ホッカイドウ,クシロチョウ,town,0
016624,01,北海道,厚岸町,ホッカイドウ,アッケシチョウ,town,0
016632,01,北海道,浜中町,ホッカイドウ,ハマナカチョウ,town,0
016641,01,北海道,標茶町,ホッカイドウ,シベチャチョウ,town,0
016659,01,北海道,弟子屈町,ホッカイドウ,テシカガチョウ,town,0
016675,01,北海道,鶴居村,ホッカイドウ,ツルイムラ,village,0
016683,01,北海道,白糠町,ホッカイドウ,シラヌカチョウ,town,0
016918,01,北海道,別海町,ホッカイドウ,ベツカイチョウ,town,0
016926,01,北海道,中標津町,ホッカイドウ,ナカシベツチョウ,town,0
016934,01,北海道,標津町,ホッカイドウ,シベツチョウ,town,0
016942,01,北海道,羅臼町,ホッカイドウ,ラウスチョウ,town,0
016951,01,北海道,色丹村,ホッカイドウ,シコタンムラ,village,1
016969,01,北海道,泊村,ホッカイドウ,トマリムラ,village,1
016977,01,北海道,留夜別村,ホッカイドウ,ルヤベツムラ,village,1
016985,01,北海道,留別村,ホッカイドウ,ルベツムラ,village,1
016993,01,北海道,紗那村,ホッカイドウ,シャナムラ,village,1
017001,01,北海道,蘂取村,ホッカイドウ,シベトロムラ,village,1
020001,02,青森県,,アオモリケン,,pref,0
022012,02,青森県,青森市,アオモリケン,アオモリシ,city,0
022021,02,青森県,弘前市,アオモリケン,ヒロサキシ,city,0
022039,02,青森県,八戸市,アオモリケン,ハチノヘシ,city,0
022047,02,青森県,黒石市,アオモリケン,クロイシシ,city,0
022055,02,青森県,五所川原市,アオモリケン,ゴショガワラシ,city,0
022063,02,青森県,十和田市,アオモリケン,トワダシ,city,0
022071,02,青森県,三沢市,アオモリケン,ミサワシ,city,0
022080,02,青森県,むつ市,アオモリケン,ムツシ,city,0
022098,02,青森県,つがる市,アオモリケン,ツガルシ,city,0
022101,02,青森県,平川市,アオモリケン,ヒラカワシ,city,0
023019,02,青森県,平内町,アオモリケン,ヒラナイマチ,town,0
023035,02,青森県,今別町,アオモリケン,イマベツマチ,town,0
023043,02,青森県,蓬田村,アオモリケン,ヨモギタムラ,village,0
023078,02,青森県,外ヶ浜町,アオモリケン,ソトガハママチ,town,0
023213,02,青森県,鰺ヶ沢町,アオモリケン,アジガサワマチ,town,0
023230,02,青森県,深浦町,アオモリケン,フカウラマチ,town,0
023434,02,青森県,西目屋村,アオモリケン,ニシメヤムラ,village,0
023612,02,青森県,藤崎町,アオモリケン,フジサキマチ,town,0
023621,02,青森県,大鰐町,アオモリケン,オオワニマチ,town,0
023671,02,青森県,田舎館村,アオモリケン,イナカダテムラ,village,0
023817,02,青森県,板柳町,アオモリケン,イタヤナギマチ,town,0
023841,02,青森県,鶴田町,アオモリケン,ツルタマチ,town,0
023876,02,青森県,中泊町,アオモリケン,ナカドマリマチ,town,0
024015,02,青森県,野辺地町,アオモリケン,ノヘジマチ,town,0
024023,02,青森県,七戸町,アオモリケン,シチノヘマチ,town,0
024058,02,青森県,六戸町,アオモリケン,ロクノヘマチ,town,0
024066,02,青森県,横浜町,アオモリケン,ヨコハママチ,town,0
024082,02,青森県,東北町,アオモリケン,トウホクマチ,town,0
024112,02,青森県,六ヶ所村,アオモリケン,ロッカショムラ,village,0
024121,02,青森県,おいらせ町,アオモリケン,オイラセチョウ,town,0
024236,02,青森県,大間町,アオモリケン,オオママチ,town,0
024244,02,青森県,東通村,アオモリケン,ヒガシドオリムラ,village,0
024252,02,青森県,風間浦村,アオモリケン,カザマウラムラ,village,0
024261,02,青森県,佐井村,アオモリケン,サイムラ,village,0
024414,02,青森県,三戸町,アオモリケン,サンノヘマチ,town,0
024422,02,青森県,五戸町,アオモリケン,ゴノヘマチ,town,0
024431,02,青森県,田子町,アオモリケン,タッコマチ,town,0
024457,02,青森県,南部町,アオモリケン,ナンブチョウ,town,0
024465,02,青森県,階上町,アオモリケン,ハシカミチョウ,town,0
024503,02,青森県,新郷村,アオモリケン,シンゴウムラ,village,0
030007,03,岩手県,,イワテケン,,pref,0
032018,03,岩手県,盛岡市,イワテケン,モリオカシ,city,0
032026,03,岩手県,宮古市,イワテケン,ミヤコシ,city,0
032034,03,岩手県,大船渡市,イワテケン,オオフナトシ,city,0
032051,03,岩手県,花巻市,イワテケン,ハナマキシ,city,0
032069,03,岩手県,北上市,イワテケン,キタカミシ,city,0
032077,03,岩手県,久慈市,イワテケン,クジシ,city,0
032085,03,岩手県,遠野市,イワテケン,トオノシ,city,0
032093,03,岩手県,一関市,イワテケン,イチノセキシ,city,0
032107,03,岩手県,陸前高田市,イワテケン,リクゼンタカタシ,city,0
032115,03,岩手県,釜石市,イワテケン,カマイシシ,city,0
032131,03,岩手県,二戸市,イワテケン,ニノヘシ,city,0
032140,03,岩手県,八幡平市,イワテケン,ハチマンタイシ,city,0
032158,03,岩手県,奥州市,イワテケン,オウシュウシ,city,0
032166,03,岩手県,滝沢市,イワテケン,タキザワシ,city,0
033014,03,岩手県,雫石町,イワテケン,シズクイシチョウ,town,0
033022,03,岩手県,葛巻町,イワテケン,クズマキマチ,town,0
033031,03,岩手県,岩手町,イワテケン,イワテマチ,town,0
033219,03,岩手県,紫波町,イワテケン,シワチョウ,town,0
033227,03,岩手県,矢巾町,イワテケン,ヤハバチョウ,town,0
033669,03,岩手県,西和賀町,イワテケン,ニシワガマチ,town,0
033812,03,岩手県,金ケ崎町,イワテケン,カネガサキチョウ,town,0
034029,03,岩手県,平泉町,イワテケン,ヒライズミチョウ,town,0
034410,03,岩手県,住田町,イワテケン,スミタチョウ,town,0
034614,03,岩手県,大槌町,イワテケン,オオツチチョウ,town,0
034827,03,岩手県,山田町,イワテケン,ヤマダマチ,town,0
034835,03,岩手県,岩泉町,イワテケン,イワイズミチョウ,town,0
034843,03,岩手県,田野畑村,イワテケン,タノハタムラ,village,0
034851,03,岩手県,普代村,イワテケン,フダイムラ,village,0
035017,03,岩手県,軽米町,イワテケン,カルマイマチ,town,0
035033,03,岩手県,野田村,イワテケン,ノダムラ,village,0
035068,03,岩手県,九戸村,イワテケン,クノヘムラ,village,0
035076,03,岩手県,洋野町,イワテケン,ヒロノチョウ,town,0
035246,03,岩手県,一戸町,イワテケン,イチノヘマチ,town,0
040002,04,宮城県,,ミヤギケン,,pref,0
041009,04,宮城県,仙台市,ミヤギケン,センダイシ,designated_city,0
041017,04,宮城県,仙台市青葉区,ミヤギケン,センダイシアオバク,ward,0
041025,04,宮城県,仙台市宮城野区,ミヤギケン,センダイシミヤギノク,ward,0
041033,04,宮城県,仙台市若林区,ミヤギケン,センダイシワカバヤシク,ward,0
041041,04,宮城県,仙台市太白区,ミヤギケン,センダイシタイハクク,ward,0
041050,04,宮城県,仙台市泉区,ミヤギケン,センダイシイズミク,ward,0
042021,04,宮城県,石巻市,ミヤギケン,イシノマキシ,city,0
042030,04,宮城県,塩竈市,ミヤギケン,シオガマシ,city,0
042056,04,宮城県,気仙沼市,ミヤギケン,ケセンヌマシ,city,0
042064,04,宮城県,白石市,ミヤギケン,シロイシシ,city,0
042072,04,宮城県,名取市,ミヤギケン,ナトリシ,city,0
042081,04,宮城県,角田市,ミヤギケン,カクダシ,city,0
042099,04,宮城県,多賀城市,ミヤギケン,タガジョウシ,city,0
042111,04,宮城県,岩沼市,ミヤギケン,イワヌマシ,city,0
042129,04,宮城県,登米市,ミヤギケン,トメシ,city,0
042137,04,宮城県,栗原市,ミヤギケン,クリハラシ,city,0
042145,04,宮城県,東松島市,ミヤギケン,ヒガシマツシマシ,city,0
042153,04,宮城県,大崎市,ミヤギケン,オオサキシ,city,0
042161,04,宮城県,富谷市,ミヤギケン,トミヤシ,city,0
043010,04,宮城県,蔵王町,ミヤギケン,ザオウマチ,town,0
043028,04,宮城県,七ヶ宿町,ミヤギケン,シチカシュクマチ,town,0
043214,04,宮城県,大河原町,ミヤギケン,オオガワラマチ,town,0
043222,04,宮城県,村田町,ミヤギケン,ムラタマチ,town,0
043231,04,宮城県,柴田町,ミヤギケン,シバタマチ,town,0
043249,04,宮城県,川崎町,ミヤギケン,カワサキマチ,town,0
043419,04,宮城県,丸森町,ミヤギケン,マルモリマチ,town,0
043613,04,宮城県,亘理町,ミヤギケン,ワタリチョウ,town,0
043621,04,宮城県,山元町,ミヤギケン,ヤマモトチョウ,town,0
044016,04,宮城県,松島町,ミヤギケン,マツシママチ,town,0
044041,04,宮城県,七ヶ浜町,ミヤギケン,シチガハママチ,town,0
044067,04,宮城県,利府町,ミヤギケン,リフチョウ,town,0
044211,04,宮城県,大和町,ミヤギケン,タイワチョウ,town,0
044229,04,宮城県,大郷町,ミヤギケン,オオサトチョウ,town,0
044245,04,宮城県,大衡村,ミヤギケン,オオヒラムラ,village,0
044440,04,宮城県,色麻町,ミヤギケン,シカマチョウ,town,0
044458,04,宮城県,加美町,ミヤギケン,カミマチ,town,0
045012,04,宮城県,涌谷町,ミヤギケン,ワクヤチョウ,town,0
045055,04,宮城県,美里町,ミヤギケン,ミサトマチ,town,0
045811,04,宮城県,女川町,ミヤギケン,オナガワチョウ,town,0
046060,04,宮城県,南三陸町,ミヤギケン,ミナミサンリクチョウ,town,0
050008,05,秋田県,,アキタケン,,pref,0
052019,05,秋田県,秋田市,アキタケン,アキタシ,city,0
052027,05,秋田県,能代市,アキタケン,ノシロシ,city,0
052035,05,秋田県,横手市,アキタケン,ヨコテシ,city,0
052043,05,秋田県,大館市,アキタケン,オオダテシ,city,0
052060,05,秋田県,男鹿市,アキタケン,オガシ,city,0
052078,05,秋田県,湯沢市,アキタケン,ユザワシ,city,0
052094,05,秋田県,鹿角市,アキタケン,カヅノシ,city,0
052108,05,秋田県,由利本荘市,アキタケン,ユリホンジョウシ,city,0
052116,05,秋田県,潟上市,アキタケン,カタガミシ,city,0
052124,05,秋田県,大仙市,アキタケン,ダイセンシ,city,0
052132,05,秋田県,北秋田市,アキタケン,キタアキタシ,city,0
052141,05,秋田県,にかほ市,アキタケン,ニカホシ,city,0
052159,05,秋田県,仙北市,アキタケン,センボクシ,city,0
053031,05,秋田県,小坂町,アキタケン,コサカマチ,town,0
053279,05,秋田県,上小阿仁村,アキタケン,カミコアニムラ,village,0
053465,05,秋田県,藤里町,アキタケン,フジサトマチ,town,0
053481,05,秋田県,三種町,アキタケン,ミタネチョウ,town,0
053490,05,秋田県,八峰町,アキタケン,ハッポウチョウ,town,0
053619,05,秋田県,五城目町,アキタケン,ゴジョウメマチ,town,0
053635,05,秋田県,八郎潟町,アキタケン,ハチロウガタマチ,town,0
053660,05,秋田県,井川町,アキタケン,イカワマチ,town,0
053686,05,秋田県,大潟村,アキタケン,オオガタムラ,village,0
054348,05,秋田県,美郷町,アキタケン,ミサトチョウ,town,0
054631,05,秋田県,羽後町,アキタケン,ウゴマチ,town,0
054640,05,秋田県,東成瀬村,アキタケン,ヒガシナルセムラ,village,0
060003,06,山形県,,ヤマガタケン,,pref,0
062014,06,山形県,山形市,ヤマガタケン,ヤマガタシ,city,0
062022,06,山形県,米沢市,ヤマガタケン,ヨネザワシ,city,0
062031,06,山形県,鶴岡市,ヤマガタケン,ツルオカシ,city,0
062049,06,山形県,酒田市,ヤマガタケン,サカタシ,city,0
062057,06,山形県,新庄市,ヤマガタケン,シンジョウシ,city,0
062065,06,山形県,寒河江市,ヤマガタケン,サガエシ,city,0
062073,06,山形県,上山市,ヤマガタケン,カミノヤマシ,city,0
062081,06,山形県,村山市,ヤマガタケン,ムラヤマシ,city,0
062090,06,山形県,長井市,ヤマガタケン,ナガイシ,city,0
062103,06,山形県,天童市,ヤマガタケン,テンドウシ,city,0
062111,06,山形県,東根市,ヤマガタケン,ヒガシネシ,city,0
062120,06,山形県,尾花沢市,ヤマガタケン,オバナザワシ,city,0
062138,06,山形県,南陽市,ヤマガタケン,ナンヨウシ,city,0
063011,06,山形県,山辺町,ヤマガタケン,ヤマノベマチ,town,0
063029,06,山形県,中山町,ヤマガタケン,ナカヤママチ,town,0
063215,06,山形県,河北町,ヤマガタケン,カホクチョウ,town,0
063223,06,山形県,西川町,ヤマガタケン,ニシカワマチ,town,0
063231,06,山形県,朝日町,ヤマガタケン,アサヒマチ,town,0
063240,06,山形県,大江町,ヤマガタケン,オオエマチ,town,0
063410,06,山形県,大石田町,ヤマガタケン,オオイシダマチ,town,0
063614,06,山形県,金山町,ヤマガタケン,カネヤママチ,town,0
063622,06,山形県,最上町,ヤマガタケン,モガミマチ,town,0
063631,06,山形県,舟形町,ヤマガタケン,フナガタマチ,town,0
063649,06,山形県,真室川町,ヤマガタケン,マムロガワマチ,town,0
063657,06,山形県,大蔵村,ヤマガタケン,オオクラムラ,village,0
063665,06,山形県,鮭川村,ヤマガタケン,サケガワムラ,village,0
063673,06,山形県,戸沢村,ヤマガタケン,トザワムラ,village,0
063819,06,山形県,高畠町,ヤマガタケン,タカハタマチ,town,0
063827,06,山形県,川西町,ヤマガタケン,カワニシマチ,town,0
064017,06,山形県,小国町,ヤマガタケン,オグニマチ,town,0
064025,06,山形県,白鷹町,ヤマガタケン,シラタカマチ,town,0
064033,06,山形県,飯豊町,ヤマガタケン,イイデマチ,town,0
064262,06,山形県,三川町,ヤマガタケン,ミカワマチ,town,0
064289,06,山形県,庄内町,ヤマガタケン,シヨウナイマチ,town,0
064611,06,山形県,遊佐町,ヤマガタケン,ユザマチ,town,0
070009,07,福島県,,フクシマケン,,pref,0
072010,07,福島県,福島市,フクシマケン,フクシマシ,city,0
072028,07,福島県,会津若松市,フクシマケン,アイヅワカマツシ,city,0
072036,07,福島県,郡山市,フクシマケン,コオリヤマシ,city,0
072044,07,福島県,いわき市,フクシマケン,イワキシ,city,0
072052,07,福島県,白河市,フクシマケン,シラカワシ,city,0
072079,07,福島県,須賀川市,フクシマケン,スカガワシ,city,0
072087,07,福島県,喜多方市,フクシマケン,キタカタシ,city,0
072095,07,福島県,相馬市,フクシマケン,ソウマシ,city,0
072109,07,福島県,二本松市,フクシマケン,ニホンマツシ,city,0
072117,07,福島県,田村市,フクシマケン,タムラシ,city,0
072125,07,福島県,南相馬市,フクシマケン,ミナミソウマシ,city,0
072133,07,福島県,伊達市,フクシマケン,ダテシ,city,0
072141,07,福島県,本宮市,フクシマケン,モトミヤシ,city,0
073016,07,福島県,桑折町,フクシマケン,コオリマチ,town,0
073032,07,福島県,国見町,フクシマケン,クニミマチ,town,0
073083,07,福島県,川俣町,フクシマケン,カワマタマチ,town,0
073229,07,福島県,大玉村,フクシマケン,オオタマムラ,village,0
073423,07,福島県,鏡石町,フクシマケン,カガミイシマチ,town,0
073440,07,福島県,天栄村,フクシマケン,テンエイムラ,village,0
073628,07,福島県,下郷町,フクシマケン,シモゴウマチ,town,0
073644,07,福島県,檜枝岐村,フクシマケン,ヒノエマタムラ,village,0
073679,07,福島県,只見町,フクシマケン,タダミマチ,town,0
073687,07,福島県,南会津町,フクシマケン,ミナミアイヅマチ,town,0
074021,07,福島県,北塩原村,フクシマケン,キタシオバラムラ,village,0
074055,07,福島県,西会津町,フクシマケン,ニシアイヅマチ,town,0
074071,07,福島県,磐梯町,フクシマケン,バンダイマチ,town,0
074080,07,福島県,猪苗代町,フクシマケン,イナワシロマチ,town,0
074217,07,福島県,会津坂下町,フクシマケン,アイヅバンゲマチ,town,0
074225,07,福島県,湯川村,フクシマケン,ユガワムラ,village,0
074233,07,福島県,柳津町,フクシマケン,ヤナイヅマチ,town,0
074446,07,福島県,三島町,フクシマケン,ミシママチ,town,0
074454,07,福島県,金山町,フクシマケン,カネヤママチ,town,0
074462,07,福島県,昭和村,フクシマケン,ショウワムラ,village,0
074471,07,福島県,会津美里町,フクシマケン,アイヅミサトマチ,town,0
074616,07,福島県,西郷村,フクシマケン,ニシゴウムラ,village,0
074641,07,福島県,泉崎村,フクシマケン,イズミザキムラ,village,0
074659,07,福島県,中島村,フクシマケン,ナカジマムラ,village,0
074667,07,福島県,矢吹町,フクシマケン,ヤブキマチ,town,0
074811,07,福島県,棚倉町,フクシマケン,タナグラマチ,town,0
074829,07,福島県,矢祭町,フクシマケン,ヤマツリマチ,town,0
074837,07,福島県,塙町,フクシマケン,ハナワマチ,town,0
074845,07,福島県,鮫川村,フクシマケン,サメガワムラ,village,0
075019,07,福島県,石川町,フクシマケン,イシカワマチ,town,0
075027,07,福島県,玉川村,フクシマケン,タマカワムラ,village,0
075035,07,福島県,平田村,フクシマケン,ヒラタムラ,village,0
075043,07,福島県,浅川町,フクシマケン,アサカワマチ,town,0
075051,07,福島県,古殿町,フクシマケン,フルドノマチ,town,0
075213,07,福島県,三春町,フクシマケン,ミハルマチ,town,0
075221,07,福島県,小野町,フクシマケン,オノマチ,town,0
075418,07,福島県,広野町,フクシマケン,ヒロノマチ,town,0
075426,07,福島県,楢葉町,フクシマケン,ナラハマチ,town,0
075434,07,福島県,富岡町,フクシマケン,トミオカマチ,town,0
075442,07,福島県,川内村,フクシマケン,カワウチムラ,village,0
075451,07,福島県,大熊町,フクシマケン,オオクママチ,town,0
075469,07,福島県,双葉町,フクシマケン,フタバマチ,town,0
075477,07,福島県,浪江町,フクシマケン,ナミエマチ,town,0
075485,07,福島県,葛尾村,フクシマケン,カツラオムラ,village,0
075612,07,福島県,新地町,フクシマケン,シンチマチ,town,0
075647,07,福島県,飯舘村,フクシマケン,イイタテムラ,village,0
080004,08,茨城県,,イバラキケン,,pref,0
082015,08,茨城県,水戸市,イバラキケン,ミトシ,city,0
082023,08,茨城県,日立市,イバラキケン,ヒタチシ,city,0
082031,08,茨城県,土浦市,イバラキケン,ツチウラシ,city,0
082040,08,茨城県,古河市,イバラキケン,コガシ,city,0
082058,08,茨城県,石岡市,イバラキケン,イシオカシ,city,0
082074,08,茨城県,結城市,イバラキケン,ユウキシ,city,0
082082,08,茨城県,龍ケ崎市,イバラキケン,リュウガサキシ,city,0
082104,08,茨城県,下妻市,イバラキケン,シモツマシ,city,0
082112,08,茨城県,常総市,イバラキケン,ジョウソウシ,city,0
082121,08,茨城県,常陸太田市,イバラキケン,ヒタチオオタシ,city,0
082147,08,茨城県,高萩市,イバラキケン,タカハギシ,city,0
082155,08,茨城県,北茨城市,イバラキケン,キタイバラキシ,city,0
082163,08,茨城県,笠間市,イバラキケン,カサマシ,city,0
082171,08,茨城県,取手市,イバラキケン,トリデシ,city,0
082198,08,茨城県,牛久市,イバラキケン,ウシクシ,city,0
082201,08,茨城県,つくば市,イバラキケン,ツクバシ,city,0
082210,08,茨城県,ひたちなか市,イバラキケン,ヒタチナカシ,city,0
082228,08,茨城県,鹿嶋市,イバラキケン,カシマシ,city,0
082236,08,茨城県,潮来市,イバラキケン,イタコシ,city,0
082244,08,茨城県,守谷市,イバラキケン,モリヤシ,city,0
082252,08,茨城県,常陸大宮市,イバラキケン,ヒタチオオミヤシ,city,0
082261,08,茨城県,那珂市,イバラキケン,ナカシ,city,0
082279,08,茨城県,筑西市,イバラキケン,チクセイシ,city,0
082287,08,茨城県,坂東市,イバラキケン,バンドウシ,city,0
082295,08,茨城県,稲敷市,イバラキケン,イナシキシ,city,0
082309,08,茨城県,かすみがうら市,イバラキケン,カスミガウラシ,city,0
082317,08,茨城県,桜川市,イバラキケン,サクラガワシ,city,0
082325,08,茨城県,神栖市,イバラキケン,カミスシ,city,0
082333,08,茨城県,行方市,イバラキケン,ナメガタシ,city,0
082341,08,茨城県,鉾田市,イバラキケン,ホコタシ,city,0
082350,08,茨城県,つくばみらい市,イバラキケン,ツクバミライシ,city,0
082368,08,茨城県,小美玉市,イバラキケン,オミタマシ,city,0
083020,08,茨城県,茨城町,イバラキケン,イバラキマチ,town,0
083097,08,茨城県,大洗町,イバラキケン,オオアライマチ,town,0
083101,08,茨城県,城里町,イバラキケン,シロサトマチ,town,0
083411,08,茨城県,東海村,イバラキケン,トウカイムラ,village,0
083640,08,茨城県,大子町,イバラキケン,ダイゴマチ,town,0
084425,08,茨城県,美浦村,イバラキケン,ミホムラ,village,0
084433,08,茨城県,阿見町,イバラキケン,アミマチ,town,0
084476,08,茨城県,河内町,イバラキケン,カワチマチ,town,0
085219,08,茨城県,八千代町,イバラキケン,ヤチヨマチ,town,0
085421,08,茨城県,五霞町,イバラキケン,ゴカマチ,town,0
085464,08,茨城県,境町,イバラキケン,サカイマチ,town,0
085642,08,茨城県,利根町,イバラキケン,トネマチ,town,0
090000,09,栃木県,,トチギケン,,pref,0
092011,09,栃木県,宇都宮市,トチギケン,ウツノミヤシ,city,0
092029,09,栃木県,足利市,トチギケン,アシカガシ,city,0
092037,09,栃木県,栃木市,トチギケン,トチギシ,city,0
092045,09,栃木県,佐野市,トチギケン,サノシ,city,0
092053,09,栃木県,鹿沼市,トチギケン,カヌマシ,city,0
092061,09,栃木県,日光市,トチギケン,ニッコウシ,city,0
092088,09,栃木県,小山市,トチギケン,オヤマシ,city,0
092096,09,栃木県,真岡市,トチギケン,モオカシ,city,0
092100,09,栃木県,大田原市,トチギケン,オオタワラシ,city,0
092118,09,栃木県,矢板市,トチギケン,ヤイタシ,city,0
092134,09,栃木県,那須塩原市,トチギケン,ナスシオバラシ,city,0
092142,09,栃木県,さくら市,トチギケン,サクラシ,city,0
092151,09,栃木県,那須烏山市,トチギケン,ナスカラスヤマシ,city,0
092169,09,栃木県,下野市,トチギケン,シモツケシ,city,0
093017,09,栃木県,上三川町,トチギケン,カミノカワマチ,town,0
093424,09,栃木県,益子町,トチギケン,マシコマチ,town,0
093432,09,栃木県,茂木町,トチギケン,モテギマチ,town,0
093441,09,栃木県,市貝町,トチギケン,イチカイマチ,town,0
093459,09,栃木県,芳賀町,トチギケン,ハガマチ,town,0
093611,09,栃木県,壬生町,トチギケン,ミブマチ,town,0
093645,09,栃木県,野木町,トチギケン,ノギマチ,town,0
093840,09,栃木県,塩谷町,トチギケン,シオヤマチ,town,0
093866,09,栃木県,高根沢町,トチギケン,タカネザワマチ,town,0
094072,09,栃木県,那須町,トチギケン,ナスマチ,town,0
094111,09,栃木県,那珂川町,トチギケン,ナカガワマチ,town,0
100005,10,群馬県,,グンマケン,,pref,0
102016,10,群馬県,前橋市,グンマケン,マエバシシ,city,0
102024,10,群馬県,高崎市,グンマケン,タカサキシ,city,0
102032,10,群馬県,桐生市,グンマケン,キリュウシ,city,0
102041,10,群馬県,伊勢崎市,グンマケン,イセサキシ,city,0
102059,10,群馬県,太田市,グンマケン,オオタシ,city,0
102067,10,群馬県,沼田市,グンマケン,ヌマタシ,city,0
102075,10,群馬県,館林市,グンマケン,タテバヤシシ,city,0
102083,10,群馬県,渋川市,グンマケン,シブカワシ,city,0
102091,10,群馬県,藤岡市,グンマケン,フジオカシ,city,0
102105,10,群馬県,富岡市,グンマケン,トミオカシ,city,0
102113,10,群馬県,安中市,グンマケン,アンナカシ,city,0
102121,10,群馬県,みどり市,グンマケン,ミドリシ,city,0
103446,10,群馬県,榛東村,グンマケン,シントウムラ,village,0
103454,10,群馬県,吉岡町,グンマケン,ヨシオカマチ,town,0
103667,10,群馬県,上野村,グンマケン,ウエノムラ,village,0
103675,10,群馬県,神流町,グンマケン,カンナマチ,town,0
103829,10,群馬県,下仁田町,グンマケン,シモニタマチ,town,0
103837,10,群馬県,南牧村,グンマケン,ナンモクムラ,village,0
103845,10,群馬県,甘楽町,グンマケン,カンラマチ,town,0
104213,10,群馬県,中之条町,グンマケン,ナカノジヨウマチ,town,0
104248,10,群馬県,長野原町,グンマケン,ナガノハラマチ,town,0
104256,10,群馬県,嬬恋村,グンマケン,ツマゴイムラ,village,0
104264,10,群馬県,草津町,グンマケン,クサツマチ,town,0
104281,10,群馬県,高山村,グンマケン,タカヤマムラ,village,0
104299,10,群馬県,東吾妻町,グンマケン,ヒガシアガツママチ,town,0
104434,10,群馬県,片品村,グンマケン,カタシナムラ,village,0
104442,10,群馬県,川場村,グンマケン,カワバムラ,village,0
104485,10,群馬県,昭和村,グンマケン,ショウワムラ,village,0
104493,10,群馬県,みなかみ町,グンマケン,ミナカミマチ,town,0
104647,10,群馬県,玉村町,グンマケン,タマムラマチ,town,0
105210,10,群馬県,板倉町,グンマケン,イタクラマチ,town,0
105228,10,群馬県,明和町,グンマケン,メイワマチ,town,0
105236,10,群馬県,千代田町,グンマケン,チヨダマチ,town,0
105244,10,群馬県,大泉町,グンマケン,オオイズミマチ,town,0
105252,10,群馬県,邑楽町,グンマケン,オウラマチ,town,0
110001,11,埼玉県,,サイタマケン,,pref,0
111007,11,埼玉県,さいたま市,サイタマケン,サイタマシ,designated_city,0
111015,11,埼玉県,さいたま市西区,サイタマケン,サイタマシニシク,ward,0
111023,11,埼玉県,さいたま市北区,サイタマケン,サイタマシキタク,ward,0
111031,11,埼玉県,さいたま市大宮区,サイタマケン,サイタマシオオミヤク,ward,0
111040,11,埼玉県,さいたま市見沼区,サイタマケン,サイタマシミヌマク,ward,0
111058,11,埼玉県,さいたま市中央区,サイタマケン,サイタマシチュウオウク,ward,0
111066,11,埼玉県,さいたま市桜区,サイタマケン,サイタマシサクラク,ward,0
111074,11,埼玉県,さいたま市浦和区,サイタマケン,サイタマシウラワク,ward,0
111082,11,埼玉県,さいたま市南区,サイタマケン,サイタマシミナミク,ward,0
111091,11,埼玉県,さいたま市緑区,サイタマケン,サイタマシミドリク,ward,0
111104,11,埼玉県,さいたま市岩槻区,サイタマケン,サイタマシイワツキク,ward,0
112011,11,埼玉県,川越市,サイタマケン,カワゴエシ,city,0
112020,11,埼玉県,熊谷市,サイタマケン,クマガヤシ,city,0
112038,11,埼玉県,川口市,サイタマケン,カワグチシ,city,0
112062,11,埼玉県,行田市,サイタマケン,ギヨウダシ,city,0
112071,11,埼玉県,秩父市,サイタマケン,チチブシ,city,0
112089,11,埼玉県,所沢市,サイタマケン,トコロザワシ,city,0
112097,11,埼玉県,飯能市,サイタマケン,ハンノウシ,city,0
112101,11,埼玉県,加須市,サイタマケン,カゾシ,city,0
112119,11,埼玉県,本庄市,サイタマケン,ホンジヨウシ,city,0
112127,11,埼玉県,東松山市,サイタマケン,ヒガシマツヤマシ,city,0
112143,11,埼玉県,春日部市,サイタマケン,カスカベシ,city,0
112151,11,埼玉県,狭山市,サイタマケン,サヤマシ,city,0
112160,11,埼玉県,羽生市,サイタマケン,ハニユウシ,city,0
112178,11,埼玉県,鴻巣市,サイタマケン,コウノスシ,city,0
112186,11,埼玉県,深谷市,サイタマケン,フカヤシ,city,0
112194,11,埼玉県,上尾市,サイタマケン,アゲオシ,city,0
112216,11,埼玉県,草加市,サイタマケン,ソウカシ,city,0
112224,11,埼玉県,越谷市,サイタマケン,コシガヤシ,city,0
112232,11,埼玉県,蕨市,サイタマケン,ワラビシ,city,0
112241,11,埼玉県,戸田市,サイタマケン,トダシ,city,0
112259,11,埼玉県,入間市,サイタマケン,イルマシ,city,0
112275,11,埼玉県,朝霞市,サイタマケン,アサカシ,city,0
112283,11,埼玉県,志木市,サイタマケン,シキシ,city,0
112291,11,埼玉県,和光市,サイタマケン,ワコウシ,city,0
112305,11,埼玉県,新座市,サイタマケン,ニイザシ,city,0
112313,11,埼玉県,桶川市,サイタマケン,オケガワシ,city,0
112321,11,埼玉県,久喜市,サイタマケン,クキシ,city,0
112330,11,埼玉県,北本市,サイタマケン,キタモトシ,city,0
112348,11,埼玉県,八潮市,サイタマケン,ヤシオシ,city,0
112356,11,埼玉県,富士見市,サイタマケン,フジミシ,city,0
112372,11,埼玉県,三郷市,サイタマケン,ミサトシ,city,0
112381,11,埼玉県,蓮田市,サイタマケン,ハスダシ,city,0
112399,11,埼玉県,坂戸市,サイタマケン,サカドシ,city,0
112402,11,埼玉県,幸手市,サイタマケン,サッテシ,city,0
112411,11,埼玉県,鶴ヶ島市,サイタマケン,ツルガシマシ,city,0
112429,11,埼玉県,日高市,サイタマケン,ヒダカシ,city,0
112437,11,埼玉県,吉川市,サイタマケン,ヨシカワシ,city,0
112453,11,埼玉県,ふじみ野市,サイタマケン,フジミノシ,city,0
112461,11,埼玉県,白岡市,サイタマケン,シラオカシ,city,0
113018,11,埼玉県,伊奈町,サイタマケン,イナマチ,town,0
113247,11,埼玉県,三芳町,サイタマケン,ミヨシマチ,town,0
113263,11,埼玉県,毛呂山町,サイタマケン,モロヤママチ,town,0
113271,11,埼玉県,越生町,サイタマケン,オゴセマチ,town,0
113417,11,埼玉県,滑川町,サイタマケン,ナメガワマチ,town,0
113425,11,埼玉県,嵐山町,サイタマケン,ランザンマチ,town,0
113433,11,埼玉県,小川町,サイタマケン,オガワマチ,town,0
113468,11,埼玉県,川島町,サイタマケン,カワジママチ,town,0
113476,11,埼玉県,吉見町,サイタマケン,ヨシミマチ,town,0
113484,11,埼玉県,鳩山町,サイタマケン,ハトヤママチ,town,0
113492,11,埼玉県,ときがわ町,サイタマケン,トキガワマチ,town,0
113611,11,埼玉県,横瀬町,サイタマケン,ヨコゼマチ,town,0
113620,11,埼玉県,皆野町,サイタマケン,ミナノマチ,town,0
113638,11,埼玉県,長瀞町,サイタマケン,ナガトロマチ,town,0
113654,11,埼玉県,小鹿野町,サイタマケン,オガノマチ,town,0
113697,11,埼玉県,東秩父村,サイタマケン,ヒガシチチブムラ,village,0
113816,11,埼玉県,美里町,サイタマケン,ミサトマチ,town,0
113832,11,埼玉県,神川町,サイタマケン,カミカワマチ,town,0
113859,11,埼玉県,上里町,サイタマケン,カミサトマチ,town,0
114081,11,埼玉県,寄居町,サイタマケン,ヨリイマチ,town,0
114421,11,埼玉県,宮代町,サイタマケン,ミヤシロマチ,town,0
114642,11,埼玉県,杉戸町,サイタマケン,スギトマチ,town,0
114651,11,埼玉県,松伏町,サイタマケン,マツブシマチ,town,0
120006,12,千葉県,,チバケン,,pref,0
121002,12,千葉県,千葉市,チバケン,チバシ,designated_city,0
121011,12,千葉県,千葉市中央区,チバケン,チバシチュウオウク,ward,0
121029,12,千葉県,千葉市花見川区,チバケン,チバシハナミガワク,ward,0
121037,12,千葉県,千葉市稲毛区,チバケン,チバシイナゲク,ward,0
121045,12,千葉県,千葉市若葉区,チバケン,チバシワカバク,ward,0
121053,12,千葉県,千葉市緑区,チバケン,チバシミドリク,ward,0
121061,12,千葉県,千葉市美浜区,チバケン,チバシミハマク,ward,0
122025,12,千葉県,銚子市,チバケン,チョウシシ,city,0
122033,12,千葉県,市川市,チバケン,イチカワシ,city,0
122041,12,千葉県,船橋市,チバケン,フナバシシ,city,0
122050,12,千葉県,館山市,チバケン,タテヤマシ,city,0
122068,12,千葉県,木更津市,チバケン,キサラヅシ,city,0
122076,12,千葉県,松戸市,チバケン,マツドシ,city,0
122084,12,千葉県,野田市,チバケン,ノダシ,city,0
122106,12,千葉県,茂原市,チバケン,モバラシ,city,0
122114,12,千葉県,成田市,チバケン,ナリタシ,city,0
122122,12,千葉県,佐倉市,チバケン,サクラシ,city,0
122131,12,千葉県,東金市,チバケン,トウガネシ,city,0
122157,12,千葉県,旭市,チバケン,アサヒシ,city,0
122165,12,千葉県,習志野市,チバケン,ナラシノシ,city,0
122173,12,千葉県,柏市,チバケン,カシワシ,city,0
122181,12,千葉県,勝浦市,チバケン,カツウラシ,city,0
122190,12,千葉県,市原市,チバケン,イチハラシ,city,0
122203,12,千葉県,流山市,チバケン,ナガレヤマシ,city,0
122211,12,千葉県,八千代市,チバケン,ヤチヨシ,city,0
122220,12,千葉県,我孫子市,チバケン,アビコシ,city,0
122238,12,千葉県,鴨川市,チバケン,カモガワシ,city,0
122246,12,千葉県,鎌ケ谷市,チバケン,カマガヤシ,city,0
122254,12,千葉県,君津市,チバケン,キミツシ,city,0
122262,12,千葉県,富津市,チバケン,フッツシ,city,0
122271,12,千葉県,浦安市,チバケン,ウラヤスシ,city,0
122289,12,千葉県,四街道市,チバケン,ヨツカイドウシ,city,0
122297,12,千葉県,袖ケ浦市,チバケン,ソデガウラシ,city,0
122301,12,千葉県,八街市,チバケン,ヤチマタシ,city,0
122319,12,千葉県,印西市,チバケン,インザイシ,city,0
122327,12,千葉県,白井市,チバケン,シロイシ,city,0
122335,12,千葉県,富里市,チバケン,トミサトシ,city,0
122343,12,千葉県,南房総市,チバケン,ミナミボウソウシ,city,0
122351,12,千葉県,匝瑳市,チバケン,ソウサシ,city,0
122360,12,千葉県,香取市,チバケン,カトリシ,city,0
122378,12,千葉県,山武市,チバケン,サンムシ,city,0
122386,12,千葉県,いすみ市,チバケン,イスミシ,city,0
122394,12,千葉県,大網白里市,チバケン,オオアミシラサトシ,city,0
123226,12,千葉県,酒々井町,チバケン,シスイマチ,town,0
123293,12,千葉県,栄町,チバケン,サカエマチ,town,0
123421,12,千葉県,神崎町,チバケン,コウザキマチ,town,0
123471,12,千葉県,多古町,チバケン,タコマチ,town,0
123498,12,千葉県,東庄町,チバケン,トウノショウマチ,town,0
124036,12,千葉県,九十九里町,チバケン,クジユウクリマチ,town,0
124095,12,千葉県,芝山町,チバケン,シバヤママチ,town,0
124109,12,千葉県,横芝光町,チバケン,ヨコシバヒカリマチ,town,0
124214,12,千葉県,一宮町,チバケン,イチノミヤマチ,town,0
124222,12,千葉県,睦沢町,チバケン,ムツザワマチ,town,0
124231,12,千葉県,長生村,チバケン,チョウセイムラ,village,0
124249,12,千葉県,白子町,チバケン,シラコマチ,town,0
124265,12,千葉県,長柄町,チバケン,ナガラマチ,town,0
124273,12,千葉県,長南町,チバケン,チョウナンマチ,town,0
124419,12,千葉県,大多喜町,チバケン,オオタキマチ,town,0
124435,12,千葉県,御宿町,チバケン,オンジユクマチ,town,0
124630,12,千葉県,鋸南町,チバケン,キヨナンマチ,town,0
130001,13,東京都,,トウキョウト,,pref,0
131016,13,東京都,千代田区,トウキョウト,チヨダク,special_ward,0
131024,13,東京都,中央区,トウキョウト,チュウオウク,special_ward,0
131032,13,東京都,港区,トウキョウト,ミナトク,special_ward,0
131041,13,東京都,新宿区,トウキョウト,シンジュクク,special_ward,0
131059,13,東京都,文京区,トウキョウト,ブンキョウク,special_ward,0
131067,13,東京都,台東区,トウキョウト,タイトウク,special_ward,0
131075,13,東京都,墨田区,トウキョウト,スミダク,special_ward,0
131083,13,東京都,江東区,トウキョウト,コウトウク,special_ward,0
131091,13,東京都,品川区,トウキョウト,シナガワク,special_ward,0
131105,13,東京都,目黒区,トウキョウト,メグロク,special_ward,0
131113,13,東京都,大田区,トウキョウト,オオタク,special_ward,0
131121,13,東京都,世田谷区,トウキョウト,セタガヤク,special_ward,0
131130,13,東京都,渋谷区,トウキョウト,シブヤク,special_ward,0
131148,13,東京都,中野区,トウキョウト,ナカノク,special_ward,0
131156,13,東京都,杉並区,トウキョウト,スギナミク,special_ward,0
131164,13,東京都,豊島区,トウキョウト,トシマク,special_ward,0
131172,13,東京都,北区,トウキョウト,キタク,special_ward,0
131181,13,東京都,荒川区,トウキョウト,アラカワク,special_ward,0
131199,13,東京都,板橋区,トウキョウト,イタバシク,special_ward,0
131202,13,東京都,練馬区,トウキョウト,ネリマク,special_ward,0
131211,13,東京都,足立区,トウキョウト,アダチク,special_ward,0
131229,13,東京都,葛飾区,トウキョウト,カツシカク,special_ward,0
131237,13,東京都,江戸川区,トウキョウト,エドガワク,special_ward,0
132012,13,東京都,八王子市,トウキョウト,ハチオウジシ,city,0
132021,13,東京都,立川市,トウキョウト,タチカワシ,city,0
132039,13,東京都,武蔵野市,トウキョウト,ムサシノシ,city,0
132047,13,東京都,三鷹市,トウキョウト,ミタカシ,city,0
132055,13,東京都,青梅市,トウキョウト,オウメシ,city,0
132063,13,東京都,府中市,トウキョウト,フチュウシ,city,0
132071,13,東京都,昭島市,トウキョウト,アキシマシ,city,0
132080,13,東京都,調布市,トウキョウト,チョウフシ,city,0
132098,13,東京都,町田市,トウキョウト,マチダシ,city,0
132101,13,東京都,小金井市,トウキョウト,コガネイシ,city,0
132110,13,東京都,小平市,トウキョウト,コダイラシ,city,0
132128,13,東京都,日野市,トウキョウト,ヒノシ,city,0
132136,13,東京都,東村山市,トウキョウト,ヒガシムラヤマシ,city,0
132144,13,東京都,国分寺市,トウキョウト,コクブンジシ,city,0
132152,13,東京都,国立市,トウキョウト,クニタチシ,city,0
132187,13,東京都,福生市,トウキョウト,フッサシ,city,0
132195,13,東京都,狛江市,トウキョウト,コマエシ,city,0
132209,13,東京都,東大和市,トウキョウト,ヒガシヤマトシ,city,0
132217,13,東京都,清瀬市,トウキョウト,キヨセシ,city,0
132225,13,東京都,東久留米市,トウキョウト,ヒガシクルメシ,city,0
132233,13,東京都,武蔵村山市,トウキョウト,ムサシムラヤマシ,city,0
132241,13,東京都,多摩市,トウキョウト,タマシ,city,0
132250,13,東京都,稲城市,トウキョウト,イナギシ,city,0
132276,13,東京都,羽村市,トウキョウト,ハムラシ,city,0
132284,13,東京都,あきる野市,トウキョウト,アキルノシ,city,0
132292,13,東京都,西東京市,トウキョウト,ニシトウキョウシ,city,0
133035,13,東京都,瑞穂町,トウキョウト,ミズホマチ,town,0
133051,13,東京都,日の出町,トウキョウト,ヒノデマチ,town,0
133078,13,東京都,檜原村,トウキョウト,ヒノハラムラ,village,0
133086,13,東京都,奥多摩町,トウキョウト,オクタママチ,town,0
133612,13,東京都,大島町,トウキョウト,オオシママチ,town,0
133621,13,東京都,利島村,トウキョウト,トシマムラ,village,0
133639,13,東京都,新島村,トウキョウト,ニイジマムラ,village,0
133647,13,東京都,神津島村,トウキョウト,コウヅシマムラ,village,0
133817,13,東京都,三宅村,トウキョウト,ミヤケムラ,village,0
133825,13,東京都,御蔵島村,トウキョウト,ミクラジマムラ,village,0
134015,13,東京都,八丈町,トウキョウト,ハチジョウマチ,town,0
134023,13,東京都,青ヶ島村,トウキョウト,アオガシマムラ,village,0
134210,13,東京都,小笠原村,トウキョウト,オガサワラムラ,village,0
140007,14,神奈川県,,カナガワケン,,pref,0
141003,14,神奈川県,横浜市,カナガワケン,ヨコハマシ,designated_city,0
141011,14,神奈川県,横浜市鶴見区,カナガワケン,ヨコハマシツルミク,ward,0
141020,14,神奈川県,横浜市神奈川区,カナガワケン,ヨコハマシカナガワク,ward,0
141038,14,神奈川県,横浜市西区,カナガワケン,ヨコハマシニシク,ward,0
141046,14,神奈川県,横浜市中区,カナガワケン,ヨコハマシナカク,ward,0
141054,14,神奈川県,横浜市南区,カナガワケン,ヨコハマシミナミク,ward,0
141062,14,神奈川県,横浜市保土ケ谷区,カナガワケン,ヨコハマシホドガヤク,ward,0
141071,14,神奈川県,横浜市磯子区,カナガワケン,ヨコハマシイソゴク,ward,0
141089,14,神奈川県,横浜市金沢区,カナガワケン,ヨコハマシカナザワク,ward,0
141097,14,神奈川県,横浜市港北区,カナガワケン,ヨコハマシコウホクク,ward,0
141101,14,神奈川県,横浜市戸塚区,カナガワケン,ヨコハマシトツカク,ward,0
141119,14,神奈川県,横浜市港南区,カナガワケン,ヨコハマシコウナンク,ward,0
141127,14,神奈川県,横浜市旭区,カナガワケン,ヨコハマシアサヒク,ward,0
141135,14,神奈川県,横浜市緑区,カナガワケン,ヨコハマシミドリク,ward,0
141143,14,神奈川県,横浜市瀬谷区,カナガワケン,ヨコハマシセヤク,ward,0
141151,14,神奈川県,横浜市栄区,カナガワケン,ヨコハマシサカエク,ward,0
141160,14,神奈川県,横浜市泉区,カナガワケン,ヨコハマシイズミク,ward,0
141178,14,神奈川県,横浜市青葉区,カナガワケン,ヨコハマシアオバク,ward,0
141186,14,神奈川県,横浜市都筑区,カナガワケン,ヨコハマシツヅキク,ward,0
141305,14,神奈川県,川崎市,カナガワケン,カワサキシ,designated_city,0
141313,14,神奈川県,川崎市川崎区,カナガワケン,カワサキシカワサキク,ward,0
141321,14,神奈川県,川崎市幸区,カナガワケン,カワサキシサイワイク,ward,0
141330,14,神奈川県,川崎市中原区,カナガワケン,カワサキシナカハラク,ward,0
141348,14,神奈川県,川崎市高津区,カナガワケン,カワサキシタカツク,ward,0
141356,14,神奈川県,川崎市多摩区,カナガワケン,カワサキシタマク,ward,0
141364,14,神奈川県,川崎市宮前区,カナガワケン,カワサキシミヤマエク,ward,0
141372,14,神奈川県,川崎市麻生区,カナガワケン,カワサキシアサオク,ward,0
141500,14,神奈川県,相模原市,カナガワケン,サガミハラシ,designated_city,0
141518,14,神奈川県,相模原市緑区,カナガワケン,サガミハラシミドリク,ward,0
141526,14,神奈川県,相模原市中央区,カナガワケン,サガミハラシチュウオウク,ward,0
141534,14,神奈川県,相模原市南区,カナガワケン,サガミハラシミナミク,ward,0
142018,14,神奈川県,横須賀市,カナガワケン,ヨコスカシ,city,0
142034,14,神奈川県,平塚市,カナガワケン,ヒラツカシ,city,0
142042,14,神奈川県,鎌倉市,カナガワケン,カマクラシ,city,0
142051,14,神奈川県,藤沢市,カナガワケン,フジサワシ,city,0
142069,14,神奈川県,小田原市,カナガワケン,オダワラシ,city,0
142077,14,神奈川県,茅ヶ崎市,カナガワケン,チガサキシ,city,0
142085,14,神奈川県,逗子市,カナガワケン,ズシシ,city,0
142107,14,神奈川県,三浦市,カナガワケン,ミウラシ,city,0
142115,14,神奈川県,秦野市,カナガワケン,ハダノシ,city,0
142123,14,神奈川県,厚木市,カナガワケン,アツギシ,city,0
142131,14,神奈川県,大和市,カナガワケン,ヤマトシ,city,0
142140,14,神奈川県,伊勢原市,カナガワケン,イセハラシ,city,0
142158,14,神奈川県,海老名市,カナガワケン,エビナシ,city,0
142166,14,神奈川県,座間市,カナガワケン,ザマシ,city,0
142174,14,神奈川県,南足柄市,カナガワケン,ミナミアシガラシ,city,0
142182,14,神奈川県,綾瀬市,カナガワケン,アヤセシ,city,0
143014,14,神奈川県,葉山町,カナガワケン,ハヤママチ,town,0
143219,14,神奈川県,寒川町,カナガワケン,サムカワマチ,town,0
143413,14,神奈川県,大磯町,カナガワケン,オオイソマチ,town,0
143421,14,神奈川県,二宮町,カナガワケン,ニノミヤマチ,town,0
143618,14,神奈川県,中井町,カナガワケン,ナカイマチ,town,0
143626,14,神奈川県,大井町,カナガワケン,オオイマチ,town,0
143634,14,神奈川県,松田町,カナガワケン,マツダマチ,town,0
143642,14,神奈川県,山北町,カナガワケン,ヤマキタマチ,town,0
143669,14,神奈川県,開成町,カナガワケン,カイセイマチ,town,0
143821,14,神奈川県,箱根町,カナガワケン,ハコネマチ,town,0
143839,14,神奈川県,真鶴町,カナガワケン,マナヅルマチ,town,0
143847,14,神奈川県,湯河原町,カナガワケン,ユガワラマチ,town,0
144011,14,神奈川県,愛川町,カナガワケン,アイカワマチ,town,0
144029,14,神奈川県,清川村,カナガワケン,キヨカワムラ,village,0
150002,15,新潟県,,ニイガタケン,,pref,0
151009,15,新潟県,新潟市,ニイガタケン,ニイガタシ,designated_city,0
151017,15,新潟県,新潟市北区,ニイガタケン,ニイガタシキタク,ward,0
151025,15,新潟県,新潟市東区,ニイガタケン,ニイガタシヒガシク,ward,0
151033,15,新潟県,新潟市中央区,ニイガタケン,ニイガタシチュウオウク,ward,0
151041,15,新潟県,新潟市江南区,ニイガタケン,ニイガタシコウナンク,ward,0
151050,15,新潟県,新潟市秋葉区,ニイガタケン,ニイガタシアキハク,ward,0
151068,15,新潟県,新潟市南区,ニイガタケン,ニイガタシミナミク,ward,0
151076,15,新潟県,新潟市西区,ニイガタケン,ニイガタシニシク,ward,0
151084,15,新潟県,新潟市西蒲区,ニイガタケン,ニイガタシニシカンク,ward,0
152021,15,新潟県,長岡市,ニイガタケン,ナガオカシ,city,0
152048,15,新潟県,三条市,ニイガタケン,サンジョウシ,city,0
152056,15,新潟県,柏崎市,ニイガタケン,カシワザキシ,city,0
152064,15,新潟県,新発田市,ニイガタケン,シバタシ,city,0
152081,15,新潟県,小千谷市,ニイガタケン,オヂヤシ,city,0
152099,15,新潟県,加茂市,ニイガタケン,カモシ,city,0
152102,15,新潟県,十日町市,ニイガタケン,トオカマチシ,city,0
152111,15,新潟県,見附市,ニイガタケン,ミツケシ,city,0
152129,15,新潟県,村上市,ニイガタケン,ムラカミシ,city,0
152137,15,新潟県,燕市,ニイガタケン,ツバメシ,city,0
152161,15,新潟県,糸魚川市,ニイガタケン,イトイガワシ,city,0
152170,15,新潟県,妙高市,ニイガタケン,ミョウコウシ,city,0
152188,15,新潟県,五泉市,ニイガタケン,ゴセンシ,city,0
152226,15,新潟県,上越市,ニイガタケン,ジョウエツシ,city,0
152234,15,新潟県,阿賀野市,ニイガタケン,アガノシ,city,0
152242,15,新潟県,佐渡市,ニイガタケン,サドシ,city,0
152251,15,新潟県,魚沼市,ニイガタケン,ウオヌマシ,city,0
152269,15,新潟県,南魚沼市,ニイガタケン,ミナミウオヌマシ,city,0
152277,15,新潟県,胎内市,ニイガタケン,タイナイシ,city,0
153079,15,新潟県,聖籠町,ニイガタケン,セイロウマチ,town,0
153427,15,新潟県,弥彦村,ニイガタケン,ヤヒコムラ,village,0
153613,15,新潟県,田上町,ニイガタケン,タガミマチ,town,0
153851,15,新潟県,阿賀町,ニイガタケン,アガマチ,town,0
154059,15,新潟県,出雲崎町,ニイガタケン,イズモザキマチ,town,0
154610,15,新潟県,湯沢町,ニイガタケン,ユザワマチ,town,0
154822,15,新潟県,津南町,ニイガタケン,ツナンマチ,town,0
155047,15,新潟県,刈羽村,ニイガタケン,カリワムラ,village,0
155811,15,新潟県,関川村,ニイガタケン,セキカワムラ,village,0
155861,15,新潟県,粟島浦村,ニイガタケン,アワシマウラムラ,village,0
160008,16,富山県,,トヤマケン,,pref,0
162019,16,富山県,富山市,トヤマケン,トヤマシ,city,0
162027,16,富山県,高岡市,トヤマケン,タカオカシ,city,0
162043,16,富山県,魚津市,トヤマケン,ウオヅシ,city,0
162051,16,富山県,氷見市,トヤマケン,ヒミシ,city,0
162060,16,富山県,滑川市,トヤマケン,ナメリカワシ,city,0
162078,16,富山県,黒部市,トヤマケン,クロベシ,city,0
162086,16,富山県,砺波市,トヤマケン,トナミシ,city,0
162094,16,富山県,小矢部市,トヤマケン,オヤベシ,city,0
162108,16,富山県,南砺市,トヤマケン,ナントシ,city,0
162116,16,富山県,射水市,トヤマケン,イミズシ,city,0
163210,16,富山県,舟橋村,トヤマケン,フナハシムラ,village,0
163228,16,富山県,上市町,トヤマケン,カミイチマチ,town,0
163236,16,富山県,立山町,トヤマケン,タテヤママチ,town,0
163422,16,富山県,入善町,トヤマケン,ニュウゼンマチ,town,0
163431,16,富山県,朝日町,トヤマケン,アサヒマチ,town,0
170003,17,石川県,,イシカワケン,,pref,0
172014,17,石川県,金沢市,イシカワケン,カナザワシ,city,0
172022,17,石川県,七尾市,イシカワケン,ナナオシ,city,0
172031,17,石川県,小松市,イシカワケン,コマツシ,city,0
172049,17,石川県,輪島市,イシカワケン,ワジマシ,city,0
172057,17,石川県,珠洲市,イシカワケン,スズシ,city,0
172065,17,石川県,加賀市,イシカワケン,カガシ,city,0
172073,17,石川県,羽咋市,イシカワケン,ハクイシ,city,0
172090,17,石川県,かほく市,イシカワケン,カホクシ,city,0
172103,17,石川県,白山市,イシカワケン,ハクサンシ,city,0
172111,17,石川県,能美市,イシカワケン,ノミシ,city,0
172120,17,石川県,野々市市,イシカワケン,ノノイチシ,city,0
173240,17,石川県,川北町,イシカワケン,カワキタマチ,town,0
173614,17,石川県,津幡町,イシカワケン,ツバタマチ,town,0
173657,17,石川県,内灘町,イシカワケン,ウチナダマチ,town,0
173843,17,石川県,志賀町,イシカワケン,シカマチ,town,0
173860,17,石川県,宝達志水町,イシカワケン,ホウダツシミズチョウ,town,0
174076,17,石川県,中能登町,イシカワケン,ナカノトマチ,town,0
174611,17,石川県,穴水町,イシカワケン,アナミズマチ,town,0
174637,17,石川県,能登町,イシカワケン,ノトチョウ,town,0
180009,18,福井県,,フクイケン,,pref,0
182010,18,福井県,福井市,フクイケン,フクイシ,city,0
182028,18,福井県,敦賀市,フクイケン,ツルガシ,city,0
182044,18,福井県,小浜市,フクイケン,オバマシ,city,0
182052,18,福井県,大野市,フクイケン,オオノシ,city,0
182061,18,福井県,勝山市,フクイケン,カツヤマシ,city,0
182079,18,福井県,鯖江市,フクイケン,サバエシ,city,0
182087,18,福井県,あわら市,フクイケン,アワラシ,city,0
182095,18,福井県,越前市,フクイケン,エチゼンシ,city,0
182109,18,福井県,坂井市,フクイケン,サカイシ,city,0
183229,18,福井県,永平寺町,フクイケン,エイヘイジチョウ,town,0
183822,18,福井県,池田町,フクイケン,イケダチョウ,town,0
184047,18,福井県,南越前町,フクイケン,ミナミエチゼンチョウ,town,0
184233,18,福井県,越前町,フクイケン,エチゼンチョウ,town,0
184420,18,福井県,美浜町,フクイケン,ミハマチョウ,town,0
184811,18,福井県,高浜町,フクイケン,タカハマチョウ,town,0
184837,18,福井県,おおい町,フクイケン,オオイチョウ,town,0
185019,18,福井県,若狭町,フクイケン,ワカサチョウ,town,0
190004,19,山梨県,,ヤマナシケン,,pref,0
192015,19,山梨県,甲府市,ヤマナシケン,コウフシ,city,0
192023,19,山梨県,富士吉田市,ヤマナシケン,フジヨシダシ,city,0
192040,19,山梨県,都留市,ヤマナシケン,ツルシ,city,0
192058,19,山梨県,山梨市,ヤマナシケン,ヤマナシシ,city,0
192066,19,山梨県,大月市,ヤマナシケン,オオツキシ,city,0
192074,19,山梨県,韮崎市,ヤマナシケン,ニラサキシ,city,0
192082,19,山梨県,南アルプス市,ヤマナシケン,ミナミアルプスシ,city,0
192091,19,山梨県,北杜市,ヤマナシケン,ホクトシ,city,0
192104,19,山梨県,甲斐市,ヤマナシケン,カイシ,city,0
192112,19,山梨県,笛吹市,ヤマナシケン,フエフキシ,city,0
192121,19,山梨県,上野原市,ヤマナシケン,ウエノハラシ,city,0
192139,19,山梨県,甲州市,ヤマナシケン,コウシュウシ,city,0
192147,19,山梨県,中央市,ヤマナシケン,チュウオウシ,city,0
193461,19,山梨県,市川三郷町,ヤマナシケン,イチカワミサトチョウ,town,0
193640,19,山梨県,早川町,ヤマナシケン,ハヤカワチョウ,town,0
193658,19,山梨県,身延町,ヤマナシケン,ミノブチョウ,town,0
193666,19,山梨県,南部町,ヤマナシケン,ナンブチョウ,town,0
193682,19,山梨県,富士川町,ヤマナシケン,フジカワチョウ,town,0
193844,19,山梨県,昭和町,ヤマナシケン,ショウワチョウ,town,0
194221,19,山梨県,道志村,ヤマナシケン,ドウシムラ,village,0
194239,19,山梨県,西桂町,ヤマナシケン,ニシカツラチョウ,town,0
194247,19,山梨県,忍野村,ヤマナシケン,オシノムラ,village,0
194255,19,山梨県,山中湖村,ヤマナシケン,ヤマナカコムラ,village,0
194298,19,山梨県,鳴沢村,ヤマナシケン,ナルサワムラ,village,0
194301,19,山梨県,富士河口湖町,ヤマナシケン,フジカワグチコマチ,town,0
194425,19,山梨県,小菅村,ヤマナシケン,コスゲムラ,village,0
194433,19,山梨県,丹波山村,ヤマナシケン,タバヤマムラ,village,0
200000,20,長野県,,ナガノケン,,pref,0
202011,20,長野県,長野市,ナガノケン,ナガノシ,city,0
202029,20,長野県,松本市,ナガノケン,マツモトシ,city,0
202037,20,長野県,上田市,ナガノケン,ウエダシ,city,0
202045,20,長野県,岡谷市,ナガノケン,オカヤシ,city,0
202053,20,長野県,飯田市,ナガノケン,イイダシ,city,0
202061,20,長野県,諏訪市,ナガノケン,スワシ,city,0
202070,20,長野県,須坂市,ナガノケン,スザカシ,city,0
202088,20,長野県,小諸市,ナガノケン,コモロシ,city,0
202096,20,長野県,伊那市,ナガノケン,イナシ,city,0
202100,20,長野県,駒ヶ根市,ナガノケン,コマガネシ,city,0
202118,20,長野県,中野市,ナガノケン,ナカノシ,city,0
202126,20,長野県,大町市,ナガノケン,オオマチシ,city,0
202134,20,長野県,飯山市,ナガノケン,イイヤマシ,city,0
202142,20,長野県,茅野市,ナガノケン,チノシ,city,0
202151,20,長野県,塩尻市,ナガノケン,シオジリシ,city,0
202177,20,長野県,佐久市,ナガノケン,サクシ,city,0
202185,20,長野県,千曲市,ナガノケン,チクマシ,city,0
202193,20,長野県,東御市,ナガノケン,トウミシ,city,0
202207,20,長野県,安曇野市,ナガノケン,アヅミノシ,city,0
203033,20,長野県,小海町,ナガノケン,コウミマチ,town,0
203041,20,長野県,川上村,ナガノケン,カワカミムラ,village,0
203050,20,長野県,南牧村,ナガノケン,ミナミマキムラ,village,0
203068,20,長野県,南相木村,ナガノケン,ミナミアイキムラ,village,0
203076,20,長野県,北相木村,ナガノケン,キタアイキムラ,village,0
203092,20,長野県,佐久穂町,ナガノケン,サクホマチ,town,0
203211,20,長野県,軽井沢町,ナガノケン,カルイザワマチ,town,0
203238,20,長野県,御代田町,ナガノケン,ミヨタマチ,town,0
203246,20,長野県,立科町,ナガノケン,タテシナマチ,town,0
203491,20,長野県,青木村,ナガノケン,アオキムラ,village,0
203505,20,長野県,長和町,ナガノケン,ナガワマチ,town,0
203611,20,長野県,下諏訪町,ナガノケン,シモスワマチ,town,0
203629,20,長野県,富士見町,ナガノケン,フジミマチ,town,0
203637,20,長野県,原村,ナガノケン,ハラムラ,village,0
203823,20,長野県,辰野町,ナガノケン,タツノマチ,town,0
203831,20,長野県,箕輪町,ナガノケン,ミノワマチ,town,0
203840,20,長野県,飯島町,ナガノケン,イイジママチ,town,0
203858,20,長野県,南箕輪村,ナガノケン,ミナミミノワムラ,village,0
203866,20,長野県,中川村,ナガノケン,ナカガワムラ,village,0
203882,20,長野県,宮田村,ナガノケン,ミヤダムラ,village,0
204021,20,長野県,松川町,ナガノケン,マツカワマチ,town,0
204030,20,長野県,高森町,ナガノケン,タカモリマチ,town,0
204048,20,長野県,阿南町,ナガノケン,アナンチョウ,town,0
204072,20,長野県,阿智村,ナガノケン,アチムラ,village,0
204099,20,長野県,平谷村,ナガノケン,ヒラヤムラ,village,0
204102,20,長野県,根羽村,ナガノケン,ネバムラ,village,0
204111,20,長野県,下條村,ナガノケン,シモジョウムラ,village,0
204129,20,長野県,売木村,ナガノケン,ウルギムラ,village,0
204137,20,長野県,天龍村,ナガノケン,テンリュウムラ,village,0
204145,20,長野県,泰阜村,ナガノケン,ヤスオカムラ,village,0
204153,20,長野県,喬木村,ナガノケン,タカギムラ,village,0
204161,20,長野県,豊丘村,ナガノケン,トヨオカムラ,village,0
204170,20,長野県,大鹿村,ナガノケン,オオシカムラ,village,0
204226,20,長野県,上松町,ナガノケン,アゲマツマチ,town,0
204234,20,長野県,南木曽町,ナガノケン,ナギソマチ,town,0
204251,20,長野県,木祖村,ナガノケン,キソムラ,village,0
204293,20,長野県,王滝村,ナガノケン,オウタキムラ,village,0
204307,20,長野県,大桑村,ナガノケン,オオクワムラ,village,0
204323,20,長野県,木曽町,ナガノケン,キソマチ,town,0
204463,20,長野県,麻績村,ナガノケン,オミムラ,village,0
204480,20,長野県,生坂村,ナガノケン,イクサカムラ,village,0
204501,20,長野県,山形村,ナガノケン,ヤマガタムラ,village,0
204510,20,長野県,朝日村,ナガノケン,アサヒムラ,village,0
204528,20,長野県,筑北村,ナガノケン,チクホクムラ,village,0
204811,20,長野県,池田町,ナガノケン,イケダマチ,town,0
204820,20,長野県,松川村,ナガノケン,マツカワムラ,village,0
204854,20,長野県,白馬村,ナガノケン,ハクバムラ,village,0
204862,20,長野県,小谷村,ナガノケン,オタリムラ,village,0
205214,20,長野県,坂城町,ナガノケン,サカキマチ,town,0
205419,20,長野県,小布施町,ナガノケン,オブセマチ,town,0
205435,20,長野県,高山村,ナガノケン,タカヤマムラ,village,0
205613,20,長野県,山ノ内町,ナガノケン,ヤマノウチマチ,town,0
205621,20,長野県,木島平村,ナガノケン,キジマダイラムラ,village,0
205630,20,長野県,野沢温泉村,ナガノケン,ノザワオンセンムラ,village,0
205834,20,長野県,信濃町,ナガノケン,シナノマチ,town,0
205885,20,長野県,小川村,ナガノケン,オガワムラ,village,0
205907,20,長野県,飯綱町,ナガノケン,イイヅナマチ,town,0
206024,20,長野県,栄村,ナガノケン,サカエムラ,village,0
210005,21,岐阜県,,ギフケン,,pref,0
212016,21,岐阜県,岐阜市,ギフケン,ギフシ,city,0
212024,21,岐阜県,大垣市,ギフケン,オオガキシ,city,0
212032,21,岐阜県,高山市,ギフケン,タカヤマシ,city,0
212041,21,岐阜県,多治見市,ギフケン,タジミシ,city,0
212059,21,岐阜県,関市,ギフケン,セキシ,city,0
212067,21,岐阜県,中津川市,ギフケン,ナカツガワシ,city,0
212075,21,岐阜県,美濃市,ギフケン,ミノシ,city,0
212083,21,岐阜県,瑞浪市,ギフケン,ミズナミシ,city,0
212091,21,岐阜県,羽島市,ギフケン,ハシマシ,city,0
212105,21,岐阜県,恵那市,ギフケン,エナシ,city,0
212113,21,岐阜県,美濃加茂市,ギフケン,ミノカモシ,city,0
212121,21,岐阜県,土岐市,ギフケン,トキシ,city,0
212130,21,岐阜県,各務原市,ギフケン,カカミガハラシ,city,0
212148,21,岐阜県,可児市,ギフケン,カニシ,city,0
212156,21,岐阜県,山県市,ギフケン,ヤマガタシ,city,0
212164,21,岐阜県,瑞穂市,ギフケン,ミズホシ,city,0
212172,21,岐阜県,飛騨市,ギフケン,ヒダシ,city,0
212181,21,岐阜県,本巣市,ギフケン,モトスシ,city,0
212199,21,岐阜県,郡上市,ギフケン,グジョウシ,city,0
212202,21,岐阜県,下呂市,ギフケン,ゲロシ,city,0
212211,21,岐阜県,海津市,ギフケン,カイヅシ,city,0
213021,21,岐阜県,岐南町,ギフケン,ギナンチョウ,town,0
213039,21,岐阜県,笠松町,ギフケン,カサマツチョウ,town,0
213411,21,岐阜県,養老町,ギフケン,ヨウロウチョウ,town,0
213616,21,岐阜県,垂井町,ギフケン,タルイチョウ,town,0
213624,21,岐阜県,関ケ原町,ギフケン,セキガハラチョウ,town,0
213811,21,岐阜県,神戸町,ギフケン,ゴウドチョウ,town,0
213829,21,岐阜県,輪之内町,ギフケン,ワノウチチョウ,town,0
213837,21,岐阜県,安八町,ギフケン,アンパチチョウ,town,0
214019,21,岐阜県,揖斐川町,ギフケン,イビガワチョウ,town,0
214035,21,岐阜県,大野町,ギフケン,オオノチョウ,town,0
214043,21,岐阜県,池田町,ギフケン,イケダチョウ,town,0
214213,21,岐阜県,北方町,ギフケン,キタガタチョウ,town,0
215015,21,岐阜県,坂祝町,ギフケン,サカホギチョウ,town,0
215023,21,岐阜県,富加町,ギフケン,トミカチョウ,town,0
215031,21,岐阜県,川辺町,ギフケン,カワベチョウ,town,0
215040,21,岐阜県,七宗町,ギフケン,ヒチソウチョウ,town,0
215058,21,岐阜県,八百津町,ギフケン,ヤオツチョウ,town,0
215066,21,岐阜県,白川町,ギフケン,シラカワチョウ,town,0
215074,21,岐阜県,東白川村,ギフケン,ヒガシシラカワムラ,village,0
215210,21,岐阜県,御嵩町,ギフケン,ミタケチョウ,town,0
216046,21,岐阜県,白川村,ギフケン,シラカワムラ,village,0
220001,22,静岡県,,シズオカケン,,pref,0
221007,22,静岡県,静岡市,シズオカケン,シズオカシ,designated_city,0
221015,22,静岡県,静岡市葵区,シズオカケン,シズオカシアオイク,ward,0
221023,22,静岡県,静岡市駿河区,シズオカケン,シズオカシスルガク,ward,0
221031,22,静岡県,静岡市清水区,シズオカケン,シズオカシシミズク,ward,0
221309,22,静岡県,浜松市,シズオカケン,ハママツシ,designated_city,0
221384,22,静岡県,浜松市中央区,シズオカケン,ハママツシチュウオウク,ward,0
221392,22,静岡県,浜松市浜名区,シズオカケン,ハママツシハマナク,ward,0
221406,22,静岡県,浜松市天竜区,シズオカケン,ハママツシテンリュウク,ward,0
222038,22,静岡県,沼津市,シズオカケン,ヌマヅシ,city,0
222054,22,静岡県,熱海市,シズオカケン,アタミシ,city,0
222062,22,静岡県,三島市,シズオカケン,ミシマシ,city,0
222071,22,静岡県,富士宮市,シズオカケン,フジノミヤシ,city,0
222089,22,静岡県,伊東市,シズオカケン,イトウシ,city,0
222097,22,静岡県,島田市,シズオカケン,シマダシ,city,0
222101,22,静岡県,富士市,シズオカケン,フジシ,city,0
222119,22,静岡県,磐田市,シズオカケン,イワタシ,city,0
222127,22,静岡県,焼津市,シズオカケン,ヤイヅシ,city,0
222135,22,静岡県,掛川市,シズオカケン,カケガワシ,city,0
222143,22,静岡県,藤枝市,シズオカケン,フジエダシ,city,0
222151,22,静岡県,御殿場市,シズオカケン,ゴテンバシ,city,0
222160,22,静岡県,袋井市,シズオカケン,フクロイシ,city,0
222194,22,静岡県,下田市,シズオカケン,シモダシ,city,0
222208,22,静岡県,裾野市,シズオカケン,スソノシ,city,0
222216,22,静岡県,湖西市,シズオカケン,コサイシ,city,0
222224,22,静岡県,伊豆市,シズオカケン,イズシ,city,0
222232,22,静岡県,御前崎市,シズオカケン,オマエザキシ,city,0
222241,22,静岡県,菊川市,シズオカケン,キクガワシ,city,0
222259,22,静岡県,伊豆の国市,シズオカケン,イズノクニシ,city,0
222267,22,静岡県,牧之原市,シズオカケン,マキノハラシ,city,0
223018,22,静岡県,東伊豆町,シズオカケン,ヒガシイズチョウ,town,0
223026,22,静岡県,河津町,シズオカケン,カワヅチョウ,town,0
223042,22,静岡県,南伊豆町,シズオカケン,ミナミイズチョウ,town,0
223051,22,静岡県,松崎町,シズオカケン,マツザキチョウ,town,0
223069,22,静岡県,西伊豆町,シズオカケン,ニシイズチョウ,town,0
223255,22,静岡県,函南町,シズオカケン,カンナミチョウ,town,0
223417,22,静岡県,清水町,シズオカケン,シミズチョウ,town,0
223425,22,静岡県,長泉町,シズオカケン,ナガイズミチョウ,town,0
223441,22,静岡県,小山町,シズオカケン,オヤマチョウ,town,0
224243,22,静岡県,吉田町,シズオカケン,ヨシダチョウ,town,0
224294,22,静岡県,川根本町,シズオカケン,カワネホンチョウ,town,0
224618,22,静岡県,森町,シズオカケン,モリマチ,town,0
230006,23,愛知県,,アイチケン,,pref,0
231002,23,愛知県,名古屋市,アイチケン,ナゴヤシ,designated_city,0
231011,23,愛知県,名古屋市千種区,アイチケン,ナゴヤシチクサク,ward,0
231029,23,愛知県,名古屋市東区,アイチケン,ナゴヤシヒガシク,ward,0
231037,23,愛知県,名古屋市北区,アイチケン,ナゴヤシキタク,ward,0
231045,23,愛知県,名古屋市西区,アイチケン,ナゴヤシニシク,ward,0
231053,23,愛知県,名古屋市中村区,アイチケン,ナゴヤシナカムラク,ward,0
231061,23,愛知県,名古屋市中区,アイチケン,ナゴヤシナカク,ward,0
231070,23,愛知県,名古屋市昭和区,アイチケン,ナゴヤシショウワク,ward,0
231088,23,愛知県,名古屋市瑞穂区,アイチケン,ナゴヤシミズホク,ward,0
231096,23,愛知県,名古屋市熱田区,アイチケン,ナゴヤシアツタク,ward,0
231100,23,愛知県,名古屋市中川区,アイチケン,ナゴヤシナカガワク,ward,0
231118,23,愛知県,名古屋市港区,アイチケン,ナゴヤシミナトク,ward,0
231126,23,愛知県,名古屋市南区,アイチケン,ナゴヤシミナミク,ward,0
231134,23,愛知県,名古屋市守山区,アイチケン,ナゴヤシモリヤマク,ward,0
231142,23,愛知県,名古屋市緑区,アイチケン,ナゴヤシミドリク,ward,0
231151,23,愛知県,名古屋市名東区,アイチケン,ナゴヤシメイトウク,ward,0
231169,23,愛知県,名古屋市天白区,アイチケン,ナゴヤシテンパクク,ward,0
232017,23,愛知県,豊橋市,アイチケン,トヨハシシ,city,0
232025,23,愛知県,岡崎市,アイチケン,オカザキシ,city,0
232033,23,愛知県,一宮市,アイチケン,イチノミヤシ,city,0
232041,23,愛知県,瀬戸市,アイチケン,セトシ,city,0
232050,23,愛知県,半田市,アイチケン,ハンダシ,city,0
232068,23,愛知県,春日井市,アイチケン,カスガイシ,city,0
232076,23,愛知県,豊川市,アイチケン,トヨカワシ,city,0
232084,23,愛知県,津島市,アイチケン,ツシマシ,city,0
232092,23,愛知県,碧南市,アイチケン,ヘキナンシ,city,0
232106,23,愛知県,刈谷市,アイチケン,カリヤシ,city,0
232114,23,愛知県,豊田市,アイチケン,トヨタシ,city,0
232122,23,愛知県,安城市,アイチケン,アンジョウシ,city,0
232131,23,愛知県,西尾市,アイチケン,ニシオシ,city,0
232149,23,愛知県,蒲郡市,アイチケン,ガマゴオリシ,city,0
232157,23,愛知県,犬山市,アイチケン,イヌヤマシ,city,0
232165,23,愛知県,常滑市,アイチケン,トコナメシ,city,0
232173,23,愛知県,江南市,アイチケン,コウナンシ,city,0
232190,23,愛知県,小牧市,アイチケン,コマキシ,city,0
232203,23,愛知県,稲沢市,アイチケン,イナザワシ,city,0
232211,23,愛知県,新城市,アイチケン,シンシロシ,city,0
232220,23,愛知県,東海市,アイチケン,トウカイシ,city,0
232238,23,愛知県,大府市,アイチケン,オオブシ,city,0
232246,23,愛知県,知多市,アイチケン,チタシ,city,0
232254,23,愛知県,知立市,アイチケン,チリュウシ,city,0
232262,23,愛知県,尾張旭市,アイチケン,オワリアサヒシ,city,0
232271,23,愛知県,高浜市,アイチケン,タカハマシ,city,0
232289,23,愛知県,岩倉市,アイチケン,イワクラシ,city,0
232297,23,愛知県,豊明市,アイチケン,トヨアケシ,city,0
232301,23,愛知県,日進市,アイチケン,ニッシンシ,city,0
232319,23,愛知県,田原市,アイチケン,タハラシ,city,0
232327,23,愛知県,愛西市,アイチケン,アイサイシ,city,0
232335,23,愛知県,清須市,アイチケン,キヨスシ,city,0
232343,23,愛知県,北名古屋市,アイチケン,キタナゴヤシ,city,0
232351,23,愛知県,弥富市,アイチケン,ヤトミシ,city,0
232360,23,愛知県,みよし市,アイチケン,ミヨシシ,city,0
232378,23,愛知県,あま市,アイチケン,アマシ,city,0
232386,23,愛知県,長久手市,アイチケン,ナガクテシ,city,0
233021,23,愛知県,東郷町,アイチケン,トウゴウチョウ,town,0
233421,23,愛知県,豊山町,アイチケン,トヨヤマチョウ,town,0
233617,23,愛知県,大口町,アイチケン,オオグチチョウ,town,0
233625,23,愛知県,扶桑町,アイチケン,フソウチョウ,town,0
234249,23,愛知県,大治町,アイチケン,オオハルチョウ,town,0
234257,23,愛知県,蟹江町,アイチケン,カニエチョウ,town,0
234273,23,愛知県,飛島村,アイチケン,トビシマムラ,village,0
234419,23,愛知県,阿久比町,アイチケン,アグイチョウ,town,0
234427,23,愛知県,東浦町,アイチケン,ヒガシウラチョウ,town,0
234451,23,愛知県,南知多町,アイチケン,ミナミチタチョウ,town,0
234460,23,愛知県,美浜町,アイチケン,ミハマチョウ,town,0
234478,23,愛知県,武豊町,アイチケン,タケトヨチョウ,town,0
235016,23,愛知県,幸田町,アイチケン,コウタチョウ,town,0
235610,23,愛知県,設楽町,アイチケン,シタラチョウ,town,0
235628,23,愛知県,東栄町,アイチケン,トウエイチョウ,town,0
235636,23,愛知県,豊根村,アイチケン,トヨネムラ,village,0
240001,24,三重県,,ミエケン,,pref,0
242012,24,三重県,津市,ミエケン,ツシ,city,0
242021,24,三重県,四日市市,ミエケン,ヨッカイチシ,city,0
242039,24,三重県,伊勢市,ミエケン,イセシ,city,0
242047,24,三重県,松阪市,ミエケン,マツサカシ,city,0
242055,24,三重県,桑名市,ミエケン,クワナシ,city,0
242071,24,三重県,鈴鹿市,ミエケン,スズカシ,city,0
242080,24,三重県,名張市,ミエケン,ナバリシ,city,0
242098,24,三重県,尾鷲市,ミエケン,オワセシ,city,0
242101,24,三重県,亀山市,ミエケン,カメヤマシ,city,0
242110,24,三重県,鳥羽市,ミエケン,トバシ,city,0
242128,24,三重県,熊野市,ミエケン,クマノシ,city,0
242144,24,三重県,いなべ市,ミエケン,イナベシ,city,0
242152,24,三重県,志摩市,ミエケン,シマシ,city,0
242161,24,三重県,伊賀市,ミエケン,イガシ,city,0
243035,24,三重県,木曽岬町,ミエケン,キソサキチョウ,town,0
243248,24,三重県,東員町,ミエケン,トウインチョウ,town,0
243418,24,三重県,菰野町,ミエケン,コモノチョウ,town,0
243434,24,三重県,朝日町,ミエケン,アサヒチョウ,town,0
243442,24,三重県,川越町,ミエケン,カワゴエチョウ,town,0
244414,24,三重県,多気町,ミエケン,タキチョウ,town,0
244422,24,三重県,明和町,ミエケン,メイワチョウ,town,0
244431,24,三重県,大台町,ミエケン,オオダイチョウ,town,0
244619,24,三重県,玉城町,ミエケン,タマキチョウ,town,0
244708,24,三重県,度会町,ミエケン,ワタライチョウ,town,0
244716,24,三重県,大紀町,ミエケン,タイキチョウ,town,0
244724,24,三重県,南伊勢町,ミエケン,ミナミイセチョウ,town,0
245437,24,三重県,紀北町,ミエケン,キホクチョウ,town,0
245615,24,三重県,御浜町,ミエケン,ミハマチョウ,town,0
245623,24,三重県,紀宝町,ミエケン,キホウチョウ,town,0
250007,25,滋賀県,,シガケン,,pref,0
252018,25,滋賀県,大津市,シガケン,オオツシ,city,0
252026,25,滋賀県,彦根市,シガケン,ヒコネシ,city,0
252034,25,滋賀県,長浜市,シガケン,ナガハマシ,city,0
252042,25,滋賀県,近江八幡市,シガケン,オウミハチマンシ,city,0
252069,25,滋賀県,草津市,シガケン,クサツシ,city,0
252077,25,滋賀県,守山市,シガケン,モリヤマシ,city,0
252085,25,滋賀県,栗東市,シガケン,リットウシ,city,0
252093,25,滋賀県,甲賀市,シガケン,コウカシ,city,0
252107,25,滋賀県,野洲市,シガケン,ヤスシ,city,0
252115,25,滋賀県,湖南市,シガケン,コナンシ,city,0
252123,25,滋賀県,高島市,シガケン,タカシマシ,city,0
252131,25,滋賀県,東近江市,シガケン,ヒガシオウミシ,city,0
252140,25,滋賀県,米原市,シガケン,マイバラシ,city,0
253839,25,滋賀県,日野町,シガケン,ヒノチョウ,town,0
253847,25,滋賀県,竜王町,シガケン,リユウオウチョウ,town,0
254258,25,滋賀県,愛荘町,シガケン,アイショウチョウ,town,0
254410,25,滋賀県,豊郷町,シガケン,トヨサトチョウ,town,0
254428,25,滋賀県,甲良町,シガケン,コウラチョウ,town,0
254436,25,滋賀県,多賀町,シガケン,タガチョウ,town,0
260002,26,京都府,,キョウトフ,,pref,0
261009,26,京都府,京都市,キョウトフ,キョウトシ,designated_city,0
261017,26,京都府,京都市北区,キョウトフ,キョウトシキタク,ward,0
261025,26,京都府,京都市上京区,キョウトフ,キョウトシカミギョウク,ward,0
261033,26,京都府,京都市左京区,キョウトフ,キョウトシサキョウク,ward,0
261041,26,京都府,京都市中京区,キョウトフ,キョウトシナカギョウク,ward,0
261050,26,京都府,京都市東山区,キョウトフ,キョウトシヒガシヤマク,ward,0
261068,26,京都府,京都市下京区,キョウトフ,キョウトシシモギョウク,ward,0
261076,26,京都府,京都市南区,キョウトフ,キョウトシミナミク,ward,0
261084,26,京都府,京都市右京区,キョウトフ,キョウトシウキョウク,ward,0
261092,26,京都府,京都市伏見区,キョウトフ,キョウトシフシミク,ward,0
261106,26,京都府,京都市山科区,キョウトフ,キョウトシヤマシナク,ward,0
261114,26,京都府,京都市西京区,キョウトフ,キョウトシニシキョウク,ward,0
262013,26,京都府,福知山市,キョウトフ,フクチヤマシ,city,0
262021,26,京都府,舞鶴市,キョウトフ,マイヅルシ,city,0
262030,26,京都府,綾部市,キョウトフ,アヤベシ,city,0
262048,26,京都府,宇治市,キョウトフ,ウジシ,city,0
262056,26,京都府,宮津市,キョウトフ,ミヤヅシ,city,0
262064,26,京都府,亀岡市,キョウトフ,カメオカシ,city,0
262072,26,京都府,城陽市,キョウトフ,ジョウヨウシ,city,0
262081,26,京都府,向日市,キョウトフ,ムコウシ,city,0
262099,26,京都府,長岡京市,キョウトフ,ナガオカキョウシ,city,0
262102,26,京都府,八幡市,キョウトフ,ヤワタシ,city,0
262111,26,京都府,京田辺市,キョウトフ,キョウタナベシ,city,0
262129,26,京都府,京丹後市,キョウトフ,キョウタンゴシ,city,0
262137,26,京都府,南丹市,キョウトフ,ナンタンシ,city,0
262145,26,京都府,木津川市,キョウトフ,キヅガワシ,city,0
263036,26,京都府,大山崎町,キョウトフ,オオヤマザキチョウ,town,0
263222,26,京都府,久御山町,キョウトフ,クミヤマチョウ,town,0
263435,26,京都府,井手町,キョウトフ,イデチョウ,town,0
263443,26,京都府,宇治田原町,キョウトフ,ウジタワラチョウ,town,0
263648,26,京都府,笠置町,キョウトフ,カサギチョウ,town,0
263656,26,京都府,和束町,キョウトフ,ワヅカチョウ,town,0
263664,26,京都府,精華町,キョウトフ,セイカチョウ,town,0
263672,26,京都府,南山城村,キョウトフ,ミナミヤマシロムラ,village,0
264075,26,京都府,京丹波町,キョウトフ,キョウタンバチョウ,town,0
264636,26,京都府,伊根町,キョウトフ,イネチョウ,town,0
264652,26,京都府,与謝野町,キョウトフ,ヨサノチョウ,town,0
270008,27,大阪府,,オオサカフ,,pref,0
271004,27,大阪府,大阪市,オオサカフ,オオサカシ,designated_city,0
271021,27,大阪府,大阪市都島区,オオサカフ,オオサカシミヤコジマク,ward,0
271039,27,大阪府,大阪市福島区,オオサカフ,オオサカシフクシマク,ward,0
271047,27,大阪府,大阪市此花区,オオサカフ,オオサカシコノハナク,ward,0
271063,27,大阪府,大阪市西区,オオサカフ,オオサカシニシク,ward,0
271071,27,大阪府,大阪市港区,オオサカフ,オオサカシミナトク,ward,0
271080,27,大阪府,大阪市大正区,オオサカフ,オオサカシタイショウク,ward,0
271098,27,大阪府,大阪市天王寺区,オオサカフ,オオサカシテンノウジク,ward,0
271110,27,大阪府,大阪市浪速区,オオサカフ,オオサカシナニワク,ward,0
271136,27,大阪府,大阪市西淀川区,オオサカフ,オオサカシニシヨドガワク,ward,0
271144,27,大阪府,大阪市東淀川区,オオサカフ,オオサカシヒガシヨドガワク,ward,0
271152,27,大阪府,大阪市東成区,オオサカフ,オオサカシヒガシナリク,ward,0
271161,27,大阪府,大阪市生野区,オオサカフ,オオサカシイクノク,ward,0
271179,27,大阪府,大阪市旭区,オオサカフ,オオサカシアサヒク,ward,0
271187,27,大阪府,大阪市城東区,オオサカフ,オオサカシジョウトウク,ward,0
271195,27,大阪府,大阪市阿倍野区,オオサカフ,オオサカシアベノク,ward,0
271209,27,大阪府,大阪市住吉区,オオサカフ,オオサカシスミヨシク,ward,0
271217,27,大阪府,大阪市東住吉区,オオサカフ,オオサカシヒガシスミヨシク,ward,0
271225,27,大阪府,大阪市西成区,オオサカフ,オオサカシニシナリク,ward,0
271233,27,大阪府,大阪市淀川区,オオサカフ,オオサカシヨドガワク,ward,0
271241,27,大阪府,大阪市鶴見区,オオサカフ,オオサカシツルミク,ward,0
271250,27,大阪府,大阪市住之江区,オオサカフ,オオサカシスミノエク,ward,0
271268,27,大阪府,大阪市平野区,オオサカフ,オオサカシヒラノク,ward,0
271276,27,大阪府,大阪市北区,オオサカフ,オオサカシキタク,ward,0
271284,27,大阪府,大阪市中央区,オオサカフ,オオサカシチュウオウク,ward,0
271403,27,大阪府,堺市,オオサカフ,サカイシ,designated_city,0
271411,27,大阪府,堺市堺区,オオサカフ,サカイシサカイク,ward,0
271420,27,大阪府,堺市中区,オオサカフ,サカイシナカク,ward,0
271438,27,大阪府,堺市東区,オオサカフ,サカイシヒガシク,ward,0
271446,27,大阪府,堺市西区,オオサカフ,サカイシニシク,ward,0
271454,27,大阪府,堺市南区,オオサカフ,サカイシミナミク,ward,0
271462,27,大阪府,堺市北区,オオサカフ,サカイシキタク,ward,0
271471,27,大阪府,堺市美原区,オオサカフ,サカイシミハラク,ward,0
272027,27,大阪府,岸和田市,オオサカフ,キシワダシ,city,0
272035,27,大阪府,豊中市,オオサカフ,トヨナカシ,city,0
272043,27,大阪府,池田市,オオサカフ,イケダシ,city,0
272051,27,大阪府,吹田市,オオサカフ,スイタシ,city,0
272060,27,大阪府,泉大津市,オオサカフ,イズミオオツシ,city,0
272078,27,大阪府,高槻市,オオサカフ,タカツキシ,city,0
272086,27,大阪府,貝塚市,オオサカフ,カイヅカシ,city,0
272094,27,大阪府,守口市,オオサカフ,モリグチシ,city,0
272108,27,大阪府,枚方市,オオサカフ,ヒラカタシ,city,0
272116,27,大阪府,茨木市,オオサカフ,イバラキシ,city,0
272124,27,大阪府,八尾市,オオサカフ,ヤオシ,city,0
272132,27,大阪府,泉佐野市,オオサカフ,イズミサノシ,city,0
272141,27,大阪府,富田林市,オオサカフ,トンダバヤシシ,city,0
272159,27,大阪府,寝屋川市,オオサカフ,ネヤガワシ,city,0
272167,27,大阪府,河内長野市,オオサカフ,カワチナガノシ,city,0
272175,27,大阪府,松原市,オオサカフ,マツバラシ,city,0
272183,27,大阪府,大東市,オオサカフ,ダイトウシ,city,0
272191,27,大阪府,和泉市,オオサカフ,イズミシ,city,0
272205,27,大阪府,箕面市,オオサカフ,ミノオシ,city,0
272213,27,大阪府,柏原市,オオサカフ,カシワラシ,city,0
272221,27,大阪府,羽曳野市,オオサカフ,ハビキノシ,city,0
272230,27,大阪府,門真市,オオサカフ,カドマシ,city,0
272248,27,大阪府,摂津市,オオサカフ,セッツシ,city,0
272256,27,大阪府,高石市,オオサカフ,タカイシシ,city,0
272264,27,大阪府,藤井寺市,オオサカフ,フジイデラシ,city,0
272272,27,大阪府,東大阪市,オオサカフ,ヒガシオオサカシ,city,0
272281,27,大阪府,泉南市,オオサカフ,センナンシ,city,0
272299,27,大阪府,四條畷市,オオサカフ,シジヨウナワテシ,city,0
272302,27,大阪府,交野市,オオサカフ,カタノシ,city,0
272311,27,大阪府,大阪狭山市,オオサカフ,オオサカサヤマシ,city,0
272329,27,大阪府,阪南市,オオサカフ,ハンナンシ,city,0
273015,27,大阪府,島本町,オオサカフ,シマモトチョウ,town,0
273210,27,大阪府,豊能町,オオサカフ,トヨノチョウ,town,0
273228,27,大阪府,能勢町,オオサカフ,ノセチョウ,town,0
273414,27,大阪府,忠岡町,オオサカフ,タダオカチョウ,town,0
273619,27,大阪府,熊取町,オオサカフ,クマトリチョウ,town,0
273627,27,大阪府,田尻町,オオサカフ,タジリチョウ,town,0
273660,27,大阪府,岬町,オオサカフ,ミサキチョウ,town,0
273813,27,大阪府,太子町,オオサカフ,タイシチョウ,town,0
273821,27,大阪府,河南町,オオサカフ,カナンチョウ,town,0
273830,27,大阪府,千早赤阪村,オオサカフ,チハヤアカサカムラ,village,0
280003,28,兵庫県,,ヒョウゴケン,,pref,0
281000,28,兵庫県,神戸市,ヒョウゴケン,コウベシ,designated_city,0
281018,28,兵庫県,神戸市東灘区,ヒョウゴケン,コウベシヒガシナダク,ward,0
281026,28,兵庫県,神戸市灘区,ヒョウゴケン,コウベシナダク,ward,0
281051,28,兵庫県,神戸市兵庫区,ヒョウゴケン,コウベシヒョウゴク,ward,0
281069,28,兵庫県,神戸市長田区,ヒョウゴケン,コウベシナガタク,ward,0
281077,28,兵庫県,神戸市須磨区,ヒョウゴケン,コウベシスマク,ward,0
281085,28,兵庫県,神戸市垂水区,ヒョウゴケン,コウベシタルミク,ward,0
281093,28,兵庫県,神戸市北区,ヒョウゴケン,コウベシキタク,ward,0
281107,28,兵庫県,神戸市中央区,ヒョウゴケン,コウベシチュウオウク,ward,0
281115,28,兵庫県,神戸市西区,ヒョウゴケン,コウベシニシク,ward,0
282014,28,兵庫県,姫路市,ヒョウゴケン,ヒメジシ,city,0
282022,28,兵庫県,尼崎市,ヒョウゴケン,アマガサキシ,city,0
282031,28,兵庫県,明石市,ヒョウゴケン,アカシシ,city,0
282049,28,兵庫県,西宮市,ヒョウゴケン,ニシノミヤシ,city,0
282057,28,兵庫県,洲本市,ヒョウゴケン,スモトシ,city,0
282065,28,兵庫県,芦屋市,ヒョウゴケン,アシヤシ,city,0
282073,28,兵庫県,伊丹市,ヒョウゴケン,イタミシ,city,0
282081,28,兵庫県,相生市,ヒョウゴケン,アイオイシ,city,0
282090,28,兵庫県,豊岡市,ヒョウゴケン,トヨオカシ,city,0
282103,28,兵庫県,加古川市,ヒョウゴケン,カコガワシ,city,0
282120,28,兵庫県,赤穂市,ヒョウゴケン,アコウシ,city,0
282138,28,兵庫県,西脇市,ヒョウゴケン,ニシワキシ,city,0
282146,28,兵庫県,宝塚市,ヒョウゴケン,タカラヅカシ,city,0
282154,28,兵庫県,三木市,ヒョウゴケン,ミキシ,city,0
282162,28,兵庫県,高砂市,ヒョウゴケン,タカサゴシ,city,0
282171,28,兵庫県,川西市,ヒョウゴケン,カワニシシ,city,0
282189,28,兵庫県,小野市,ヒョウゴケン,オノシ,city,0
282197,28,兵庫県,三田市,ヒョウゴケン,サンダシ,city,0
282201,28,兵庫県,加西市,ヒョウゴケン,カサイシ,city,0
282219,28,兵庫県,丹波篠山市,ヒョウゴケン,タンバササヤマシ,city,0
282227,28,兵庫県,養父市,ヒョウゴケン,ヤブシ,city,0
282235,28,兵庫県,丹波市,ヒョウゴケン,タンバシ,city,0
282243,28,兵庫県,南あわじ市,ヒョウゴケン,ミナミアワジシ,city,0
282251,28,兵庫県,朝来市,ヒョウゴケン,アサゴシ,city,0
282260,28,兵庫県,淡路市,ヒョウゴケン,アワジシ,city,0
282278,28,兵庫県,宍粟市,ヒョウゴケン,シソウシ,city,0
282286,28,兵庫県,加東市,ヒョウゴケン,カトウシ,city,0
282294,28,兵庫県,たつの市,ヒョウゴケン,タツノシ,city,0
283011,28,兵庫県,猪名川町,ヒョウゴケン,イナガワチョウ,town,0
283657,28,兵庫県,多可町,ヒョウゴケン,タカチョウ,town,0
283819,28,兵庫県,稲美町,ヒョウゴケン,イナミチョウ,town,0
283827,28,兵庫県,播磨町,ヒョウゴケン,ハリマチョウ,town,0
284424,28,兵庫県,市川町,ヒョウゴケン,イチカワチョウ,town,0
284432,28,兵庫県,福崎町,ヒョウゴケン,フクサキチョウ,town,0
284467,28,兵庫県,神河町,ヒョウゴケン,カミカワチョウ,town,0
284645,28,兵庫県,太子町,ヒョウゴケン,タイシチョウ,town,0
284815,28,兵庫県,上郡町,ヒョウゴケン,カミゴオリチョウ,town,0
285013,28,兵庫県,佐用町,ヒョウゴケン,サヨウチョウ,town,0
285854,28,兵庫県,香美町,ヒョウゴケン,カミチョウ,town,0
285862,28,兵庫県,新温泉町,ヒョウゴケン,シンオンセンチョウ,town,0
290009,29,奈良県,,ナラケン,,pref,0
292010,29,奈良県,奈良市,ナラケン,ナラシ,city,0
292028,29,奈良県,大和高田市,ナラケン,ヤマトタカダシ,city,0
292036,29,奈良県,大和郡山市,ナラケン,ヤマトコオリヤマシ,city,0
292044,29,奈良県,天理市,ナラケン,テンリシ,city,0
292052,29,奈良県,橿原市,ナラケン,カシハラシ,city,0
292061,29,奈良県,桜井市,ナラケン,サクライシ,city,0
292079,29,奈良県,五條市,ナラケン,ゴジョウシ,city,0
292087,29,奈良県,御所市,ナラケン,ゴセシ,city,0
292095,29,奈良県,生駒市,ナラケン,イコマシ,city,0
292109,29,奈良県,香芝市,ナラケン,カシバシ,city,0
292117,29,奈良県,葛城市,ナラケン,カツラギシ,city,0
292125,29,奈良県,宇陀市,ナラケン,ウダシ,city,0
293229,29,奈良県,山添村,ナラケン,ヤマゾエムラ,village,0
293423,29,奈良県,平群町,ナラケン,ヘグリチョウ,town,0
293431,29,奈良県,三郷町,ナラケン,サンゴウチョウ,town,0
293440,29,奈良県,斑鳩町,ナラケン,イカルガチョウ,town,0
293458,29,奈良県,安堵町,ナラケン,アンドチョウ,town,0
293610,29,奈良県,川西町,ナラケン,カワニシチョウ,town,0
293628,29,奈良県,三宅町,ナラケン,ミヤケチョウ,town,0
293636,29,奈良県,田原本町,ナラケン,タワラモトチョウ,town,0
293857,29,奈良県,曽爾村,ナラケン,ソニムラ,village,0
293865,29,奈良県,御杖村,ナラケン,ミツエムラ,village,0
294012,29,奈良県,高取町,ナラケン,タカトリチョウ,town,0
294021,29,奈良県,明日香村,ナラケン,アスカムラ,village,0
294241,29,奈良県,上牧町,ナラケン,カンマキチョウ,town,0
294250,29,奈良県,王寺町,ナラケン,オウジチョウ,town,0
294268,29,奈良県,広陵町,ナラケン,コウリヨウチョウ,town,0
294276,29,奈良県,河合町,ナラケン,カワイチョウ,town,0
294411,29,奈良県,吉野町,ナラケン,ヨシノチョウ,town,0
294420,29,奈良県,大淀町,ナラケン,オオヨドチョウ,town,0
294438,29,奈良県,下市町,ナラケン,シモイチチョウ,town,0
294446,29,奈良県,黒滝村,ナラケン,クロタキムラ,village,0
294462,29,奈良県,天川村,ナラケン,テンカワムラ,village,0
294471,29,奈良県,野迫川村,ナラケン,ノセガワムラ,village,0
294497,29,奈良県,十津川村,ナラケン,トツカワムラ,village,0
294501,29,奈良県,下北山村,ナラケン,シモキタヤマムラ,village,0
294519,29,奈良県,上北山村,ナラケン,カミキタヤマムラ,village,0
294527,29,奈良県,川上村,ナラケン,カワカミムラ,village,0
294535,29,奈良県,東吉野村,ナラケン,ヒガシヨシノムラ,village,0
300004,30,和歌山県,,ワカヤマケン,,pref,0
302015,30,和歌山県,和歌山市,ワカヤマケン,ワカヤマシ,city,0
302023,30,和歌山県,海南市,ワカヤマケン,カイナンシ,city,0
302031,30,和歌山県,橋本市,ワカヤマケン,ハシモトシ,city,0
302040,30,和歌山県,有田市,ワカヤマケン,アリダシ,city,0
302058,30,和歌山県,御坊市,ワカヤマケン,ゴボウシ,city,0
302066,30,和歌山県,田辺市,ワカヤマケン,タナベシ,city,0
302074,30,和歌山県,新宮市,ワカヤマケン,シングウシ,city,0
302082,30,和歌山県,紀の川市,ワカヤマケン,キノカワシ,city,0
302091,30,和歌山県,岩出市,ワカヤマケン,イワデシ,city,0
303046,30,和歌山県,紀美野町,ワカヤマケン,キミノチョウ,town,0
303411,30,和歌山県,かつらぎ町,ワカヤマケン,カツラギチョウ,town,0
303437,30,和歌山県,九度山町,ワカヤマケン,クドヤマチョウ,town,0
303445,30,和歌山県,高野町,ワカヤマケン,コウヤチョウ,town,0
303615,30,和歌山県,湯浅町,ワカヤマケン,ユアサチョウ,town,0
303623,30,和歌山県,広川町,ワカヤマケン,ヒロガワチョウ,town,0
303666,30,和歌山県,有田川町,ワカヤマケン,アリダガワチョウ,town,0
303810,30,和歌山県,美浜町,ワカヤマケン,ミハマチョウ,town,0
303828,30,和歌山県,日高町,ワカヤマケン,ヒダカチョウ,town,0
303836,30,和歌山県,由良町,ワカヤマケン,ユラチョウ,town,0
303909,30,和歌山県,印南町,ワカヤマケン,イナミチョウ,town,0
303917,30,和歌山県,みなべ町,ワカヤマケン,ミナベチョウ,town,0
303925,30,和歌山県,日高川町,ワカヤマケン,ヒダカガワチョウ,town,0
304018,30,和歌山県,白浜町,ワカヤマケン,シラハマチョウ,town,0
304042,30,和歌山県,上富田町,ワカヤマケン,カミトンダチョウ,town,0
304069,30,和歌山県,すさみ町,ワカヤマケン,スサミチョウ,town,0
304212,30,和歌山県,那智勝浦町,ワカヤマケン,ナチカツウラチョウ,town,0
304221,30,和歌山県,太地町,ワカヤマケン,タイジチョウ,town,0
304247,30,和歌山県,古座川町,ワカヤマケン,コザガワチョウ,town,0
304271,30,和歌山県,北山村,ワカヤマケン,キタヤマムラ,village,0
304280,30,和歌山県,串本町,ワカヤマケン,クシモトチョウ,town,0
310000,31,鳥取県,,トットリケン,,pref,0
312011,31,鳥取県,鳥取市,トットリケン,トットリシ,city,0
312029,31,鳥取県,米子市,トットリケン,ヨナゴシ,city,0
312037,31,鳥取県,倉吉市,トットリケン,クラヨシシ,city,0
312045,31,鳥取県,境港市,トットリケン,サカイミナトシ,city,0
313025,31,鳥取県,岩美町,トットリケン,イワミチョウ,town,0
313254,31,鳥取県,若桜町,トットリケン,ワカサチョウ,town,0
313289,31,鳥取県,智頭町,トットリケン,チヅチョウ,town,0
313297,31,鳥取県,八頭町,トットリケン,ヤズチョウ,town,0
313645,31,鳥取県,三朝町,トットリケン,ミササチョウ,town,0
313700,31,鳥取県,湯梨浜町,トットリケン,ユリハマチョウ,town,0
313718,31,鳥取県,琴浦町,トットリケン,コトウラチョウ,town,0
313726,31,鳥取県,北栄町,トットリケン,ホクエイチョウ,town,0
313840,31,鳥取県,日吉津村,トットリケン,ヒエヅソン,village,0
313866,31,鳥取県,大山町,トットリケン,ダイセンチョウ,town,0
313891,31,鳥取県,南部町,トットリケン,ナンブチョウ,town,0
313904,31,鳥取県,伯耆町,トットリケン,ホウキチョウ,town,0
314013,31,鳥取県,日南町,トットリケン,ニチナンチョウ,town,0
314021,31,鳥取県,日野町,トットリケン,ヒノチョウ,town,0
314030,31,鳥取県,江府町,トットリケン,コウフチョウ,town,0
320005,32,島根県,,シマネケン,,pref,0
322016,32,島根県,松江市,シマネケン,マツエシ,city,0
322024,32,島根県,浜田市,シマネケン,ハマダシ,city,0
322032,32,島根県,出雲市,シマネケン,イズモシ,city,0
322041,32,島根県,益田市,シマネケン,マスダシ,city,0
322059,32,島根県,大田市,シマネケン,オオダシ,city,0
322067,32,島根県,安来市,シマネケン,ヤスギシ,city,0
322075,32,島根県,江津市,シマネケン,ゴウツシ,city,0
322091,32,島根県,雲南市,シマネケン,ウンナンシ,city,0
323438,32,島根県,奥出雲町,シマネケン,オクイズモチョウ,town,0
323861,32,島根県,飯南町,シマネケン,イイナンチョウ,town,0
324418,32,島根県,川本町,シマネケン,カワモトマチ,town,0
324485,32,島根県,美郷町,シマネケン,ミサトチョウ,town,0
324493,32,島根県,邑南町,シマネケン,オオナンチョウ,town,0
325015,32,島根県,津和野町,シマネケン,ツワノチョウ,town,0
325058,32,島根県,吉賀町,シマネケン,ヨシカチョウ,town,0
325252,32,島根県,海士町,シマネケン,アマチョウ,town,0
325261,32,島根県,西ノ島町,シマネケン,ニシノシマチョウ,town,0
325279,32,島根県,知夫村,シマネケン,チブムラ,village,0
325287,32,島根県,隠岐の島町,シマネケン,オキノシマチョウ,town,0
330001,33,岡山県,,オカヤマケン,,pref,0
331007,33,岡山県,岡山市,オカヤマケン,オカヤマシ,designated_city,0
331015,33,岡山県,岡山市北区,オカヤマケン,オカヤマシキタク,ward,0
331023,33,岡山県,岡山市中区,オカヤマケン,オカヤマシナカク,ward,0
331031,33,岡山県,岡山市東区,オカヤマケン,オカヤマシヒガシク,ward,0
331040,33,岡山県,岡山市南区,オカヤマケン,オカヤマシミナミク,ward,0
332020,33,岡山県,倉敷市,オカヤマケン,クラシキシ,city,0
332038,33,岡山県,津山市,オカヤマケン,ツヤマシ,city,0
332046,33,岡山県,玉野市,オカヤマケン,タマノシ,city,0
332054,33,岡山県,笠岡市,オカヤマケン,カサオカシ,city,0
332071,33,岡山県,井原市,オカヤマケン,イバラシ,city,0
332089,33,岡山県,総社市,オカヤマケン,ソウジヤシ,city,0
332097,33,岡山県,高梁市,オカヤマケン,タカハシシ,city,0
332101,33,岡山県,新見市,オカヤマケン,ニイミシ,city,0
332119,33,岡山県,備前市,オカヤマケン,ビゼンシ,city,0
332127,33,岡山県,瀬戸内市,オカヤマケン,セトウチシ,city,0
332135,33,岡山県,赤磐市,オカヤマケン,アカイワシ,city,0
332143,33,岡山県,真庭市,オカヤマケン,マニワシ,city,0
332151,33,岡山県,美作市,オカヤマケン,ミマサカシ,city,0
332160,33,岡山県,浅口市,オカヤマケン,アサクチシ,city,0
333468,33,岡山県,和気町,オカヤマケン,ワケチョウ,town,0
334235,33,岡山県,早島町,オカヤマケン,ハヤシマチョウ,town,0
334456,33,岡山県,里庄町,オカヤマケン,サトショウチョウ,town,0
334618,33,岡山県,矢掛町,オカヤマケン,ヤカゲチョウ,town,0
335860,33,岡山県,新庄村,オカヤマケン,シンジヨウソン,village,0
336068,33,岡山県,鏡野町,オカヤマケン,カガミノチョウ,town,0
336220,33,岡山県,勝央町,オカヤマケン,ショウオウチョウ,town,0
336238,33,岡山県,奈義町,オカヤマケン,ナギチョウ,town,0
336432,33,岡山県,西粟倉村,オカヤマケン,ニシアワクラソン,village,0
336637,33,岡山県,久米南町,オカヤマケン,クメナンチョウ,town,0
336661,33,岡山県,美咲町,オカヤマケン,ミサキチョウ,town,0
336815,33,岡山県,吉備中央町,オカヤマケン,キビチュウオウチョウ,town,0
340006,34,広島県,,ヒロシマケン,,pref,0
341002,34,広島県,広島市,ヒロシマケン,ヒロシマシ,designated_city,0
341011,34,広島県,広島市中区,ヒロシマケン,ヒロシマシナカク,ward,0
341029,34,広島県,広島市東区,ヒロシマケン,ヒロシマシヒガシク,ward,0
341037,34,広島県,広島市南区,ヒロシマケン,ヒロシマシミナミク,ward,0
341045,34,広島県,広島市西区,ヒロシマケン,ヒロシマシニシク,ward,0
341053,34,広島県,広島市安佐南区,ヒロシマケン,ヒロシマシアサミナミク,ward,0
341061,34,広島県,広島市安佐北区,ヒロシマケン,ヒロシマシアサキタク,ward,0
341070,34,広島県,広島市安芸区,ヒロシマケン,ヒロシマシアキク,ward,0
341088,34,広島県,広島市佐伯区,ヒロシマケン,ヒロシマシサエキク,ward,0
342025,34,広島県,呉市,ヒロシマケン,クレシ,city,0
342033,34,広島県,竹原市,ヒロシマケン,タケハラシ,city,0
342041,34,広島県,三原市,ヒロシマケン,ミハラシ,city,0
342050,34,広島県,尾道市,ヒロシマケン,オノミチシ,city,0
342076,34,広島県,福山市,ヒロシマケン,フクヤマシ,city,0
342084,34,広島県,府中市,ヒロシマケン,フチュウシ,city,0
342092,34,広島県,三次市,ヒロシマケン,ミヨシシ,city,0
342106,34,広島県,庄原市,ヒロシマケン,ショウバラシ,city,0
342114,34,広島県,大竹市,ヒロシマケン,オオタケシ,city,0
342122,34,広島県,東広島市,ヒロシマケン,ヒガシヒロシマシ,city,0
342131,34,広島県,廿日市市,ヒロシマケン,ハツカイチシ,city,0
342149,34,広島県,安芸高田市,ヒロシマケン,アキタカタシ,city,0
342157,34,広島県,江田島市,ヒロシマケン,エタジマシ,city,0
343021,34,広島県,府中町,ヒロシマケン,フチュウチョウ,town,0
343048,34,広島県,海田町,ヒロシマケン,カイタチョウ,town,0
343072,34,広島県,熊野町,ヒロシマケン,クマノチョウ,town,0
343099,34,広島県,坂町,ヒロシマケン,サカチョウ,town,0
343684,34,広島県,安芸太田町,ヒロシマケン,アキオオタチョウ,town,0
343692,34,広島県,北広島町,ヒロシマケン,キタヒロシマチョウ,town,0
344311,34,広島県,大崎上島町,ヒロシマケン,オオサキカミジマチョウ,town,0
344621,34,広島県,世羅町,ヒロシマケン,セラチョウ,town,0
345458,34,広島県,神石高原町,ヒロシマケン,ジンセキコウゲンチョウ,town,0
350001,35,山口県,,ヤマグチケン,,pref,0
352012,35,山口県,下関市,ヤマグチケン,シモノセキシ,city,0
352021,35,山口県,宇部市,ヤマグチケン,ウベシ,city,0
352039,35,山口県,山口市,ヤマグチケン,ヤマグチシ,city,0
352047,35,山口県,萩市,ヤマグチケン,ハギシ,city,0
352063,35,山口県,防府市,ヤマグチケン,ホウフシ,city,0
352071,35,山口県,下松市,ヤマグチケン,クダマツシ,city,0
352080,35,山口県,岩国市,ヤマグチケン,イワクニシ,city,0
352101,35,山口県,光市,ヤマグチケン,ヒカリシ,city,0
352110,35,山口県,長門市,ヤマグチケン,ナガトシ,city,0
352128,35,山口県,柳井市,ヤマグチケン,ヤナイシ,city,0
352136,35,山口県,美祢市,ヤマグチケン,ミネシ,city,0
352152,35,山口県,周南市,ヤマグチケン,シュウナンシ,city,0
352161,35,山口県,山陽小野田市,ヤマグチケン,サンヨウオノダシ,city,0
353051,35,山口県,周防大島町,ヤマグチケン,スオウオオシマチョウ,town,0
353213,35,山口県,和木町,ヤマグチケン,ワキチョウ,town,0
353418,35,山口県,上関町,ヤマグチケン,カミノセキチョウ,town,0
353434,35,山口県,田布施町,ヤマグチケン,タブセチョウ,town,0
353442,35,山口県,平生町,ヤマグチケン,ヒラオチョウ,town,0
355020,35,山口県,阿武町,ヤマグチケン,アブチョウ,town,0
360007,36,徳島県,,トクシマケン,,pref,0
362018,36,徳島県,徳島市,トクシマケン,トクシマシ,city,0
362026,36,徳島県,鳴門市,トクシマケン,ナルトシ,city,0
362034,36,徳島県,小松島市,トクシマケン,コマツシマシ,city,0
362042,36,徳島県,阿南市,トクシマケン,アナンシ,city,0
362051,36,徳島県,吉野川市,トクシマケン,ヨシノガワシ,city,0
362069,36,徳島県,阿波市,トクシマケン,アワシ,city,0
362077,36,徳島県,美馬市,トクシマケン,ミマシ,city,0
362085,36,徳島県,三好市,トクシマケン,ミヨシシ,city,0
363014,36,徳島県,勝浦町,トクシマケン,カツウラチョウ,town,0
363022,36,徳島県,上勝町,トクシマケン,カミカツチョウ,town,0
363219,36,徳島県,佐那河内村,トクシマケン,サナゴウチソン,village,0
363413,36,徳島県,石井町,トクシマケン,イシイチョウ,town,0
363421,36,徳島県,神山町,トクシマケン,カミヤマチョウ,town,0
363685,36,徳島県,那賀町,トクシマケン,ナカチョウ,town,0
363839,36,徳島県,牟岐町,トクシマケン,ムギチョウ,town,0
363871,36,徳島県,美波町,トクシマケン,ミナミチョウ,town,0
363880,36,徳島県,海陽町,トクシマケン,カイヨウチョウ,town,0
364011,36,徳島県,松茂町,トクシマケン,マツシゲチョウ,town,0
364029,36,徳島県,北島町,トクシマケン,キタジマチョウ,town,0
364037,36,徳島県,藍住町,トクシマケン,アイズミチョウ,town,0
364045,36,徳島県,板野町,トクシマケン,イタノチョウ,town,0
364053,36,徳島県,上板町,トクシマケン,カミイタチョウ,town,0
364681,36,徳島県,つるぎ町,トクシマケン,ツルギチョウ,town,0
364894,36,徳島県,東みよし町,トクシマケン,ヒガシミヨシチョウ,town,0
370002,37,香川県,,カガワケン,,pref,0
372013,37,香川県,高松市,カガワケン,タカマツシ,city,0
372021,37,香川県,丸亀市,カガワケン,マルガメシ,city,0
372030,37,香川県,坂出市,カガワケン,サカイデシ,city,0
372048,37,香川県,善通寺市,カガワケン,ゼンツウジシ,city,0
372056,37,香川県,観音寺市,カガワケン,カンオンジシ,city,0
372064,37,香川県,さぬき市,カガワケン,サヌキシ,city,0
372072,37,香川県,東かがわ市,カガワケン,ヒガシカガワシ,city,0
372081,37,香川県,三豊市,カガワケン,ミトヨシ,city,0
373222,37,香川県,土庄町,カガワケン,トノショウチョウ,town,0
373249,37,香川県,小豆島町,カガワケン,ショウドシマチョウ,town,0
373419,37,香川県,三木町,カガワケン,ミキチョウ,town,0
373648,37,香川県,直島町,カガワケン,ナオシマチョウ,town,0
373869,37,香川県,宇多津町,カガワケン,ウタヅチョウ,town,0
373877,37,香川県,綾川町,カガワケン,アヤガワチョウ,town,0
374032,37,香川県,琴平町,カガワケン,コトヒラチョウ,town,0
374041,37,香川県,多度津町,カガワケン,タドツチョウ,town,0
374067,37,香川県,まんのう町,カガワケン,マンノウチョウ,town,0
380008,38,愛媛県,,エヒメケン,,pref,0
382019,38,愛媛県,松山市,エヒメケン,マツヤマシ,city,0
382027,38,愛媛県,今治市,エヒメケン,イマバリシ,city,0
382035,38,愛媛県,宇和島市,エヒメケン,ウワジマシ,city,0
382043,38,愛媛県,八幡浜市,エヒメケン,ヤワタハマシ,city,0
382051,38,愛媛県,新居浜市,エヒメケン,ニイハマシ,city,0
382060,38,愛媛県,西条市,エヒメケン,サイジョウシ,city,0
382078,38,愛媛県,大洲市,エヒメケン,オオズシ,city,0
382108,38,愛媛県,伊予市,エヒメケン,イヨシ,city,0
382132,38,愛媛県,四国中央市,エヒメケン,シコクチュウオウシ,city,0
382141,38,愛媛県,西予市,エヒメケン,セイヨシ,city,0
382159,38,愛媛県,東温市,エヒメケン,トウオンシ,city,0
383562,38,愛媛県,上島町,エヒメケン,カミジマチョウ,town,0
383864,38,愛媛県,久万高原町,エヒメケン,クマコウゲンチョウ,town,0
384011,38,愛媛県,松前町,エヒメケン,マサキチョウ,town,0
384020,38,愛媛県,砥部町,エヒメケン,トベチョウ,town,0
384224,38,愛媛県,内子町,エヒメケン,ウチコチョウ,town,0
384429,38,愛媛県,伊方町,エヒメケン,イカタチョウ,town,0
384844,38,愛媛県,松野町,エヒメケン,マツノチョウ,town,0
384887,38,愛媛県,鬼北町,エヒメケン,キホクチョウ,town,0
385069,38,愛媛県,愛南町,エヒメケン,アイナンチョウ,town,0
390003,39,高知県,,コウチケン,,pref,0
392014,39,高知県,高知市,コウチケン,コウチシ,city,0
392022,39,高知県,室戸市,コウチケン,ムロトシ,city,0
392031,39,高知県,安芸市,コウチケン,アキシ,city,0
392049,39,高知県,南国市,コウチケン,ナンコクシ,city,0
392057,39,高知県,土佐市,コウチケン,トサシ,city,0
392065,39,高知県,須崎市,コウチケン,スサキシ,city,0
392081,39,高知県,宿毛市,コウチケン,スクモシ,city,0
392090,39,高知県,土佐清水市,コウチケン,トサシミズシ,city,0
392103,39,高知県,四万十市,コウチケン,シマントシ,city,0
392111,39,高知県,香南市,コウチケン,コウナンシ,city,0
392120,39,高知県,香美市,コウチケン,カミシ,city,0
393011,39,高知県,東洋町,コウチケン,トウヨウチョウ,town,0
393029,39,高知県,奈半利町,コウチケン,ナハリチョウ,town,0
393037,39,高知県,田野町,コウチケン,タノチョウ,town,0
393045,39,高知県,安田町,コウチケン,ヤスダチョウ,town,0
393053,39,高知県,北川村,コウチケン,キタガワムラ,village,0
393061,39,高知県,馬路村,コウチケン,ウマジムラ,village,0
393070,39,高知県,芸西村,コウチケン,ゲイセイムラ,village,0
393410,39,高知県,本山町,コウチケン,モトヤマチョウ,town,0
393444,39,高知県,大豊町,コウチケン,オオトヨチョウ,town,0
393631,39,高知県,土佐町,コウチケン,トサチョウ,town,0
393649,39,高知県,大川村,コウチケン,オオカワムラ,village,0
393860,39,高知県,いの町,コウチケン,イノチョウ,town,0
393878,39,高知県,仁淀川町,コウチケン,ニヨドガワチョウ,town,0
394017,39,高知県,中土佐町,コウチケン,ナカトサチョウ,town,0
394025,39,高知県,佐川町,コウチケン,サカワチョウ,town,0
394033,39,高知県,越知町,コウチケン,オチチョウ,town,0
394050,39,高知県,梼原町,コウチケン,ユスハラチョウ,town,0
394106,39,高知県,日高村,コウチケン,ヒダカムラ,village,0
394114,39,高知県,津野町,コウチケン,ツノチョウ,town,0
394122,39,高知県,四万十町,コウチケン,シマントチョウ,town,0
394246,39,高知県,大月町,コウチケン,オオツキチョウ,town,0
394271,39,高知県,三原村,コウチケン,ミハラムラ,village,0
394289,39,高知県,黒潮町,コウチケン,クロシオチョウ,town,0
400009,40,福岡県,,フクオカケン,,pref,0
401005,40,福岡県,北九州市,フクオカケン,キタキュウシュウシ,designated_city,0
401013,40,福岡県,北九州市門司区,フクオカケン,キタキュウシュウシモジク,ward,0
401030,40,福岡県,北九州市若松区,フクオカケン,キタキュウシュウシワカマツク,ward,0
401056,40,福岡県,北九州市戸畑区,フクオカケン,キタキュウシュウシトバタク,ward,0
401064,40,福岡県,北九州市小倉北区,フクオカケン,キタキュウシュウシコクラキタク,ward,0
401072,40,福岡県,北九州市小倉南区,フクオカケン,キタキュウシュウシコクラミナミク,ward,0
401081,40,福岡県,北九州市八幡東区,フクオカケン,キタキュウシュウシヤハタヒガシク,ward,0
401099,40,福岡県,北九州市八幡西区,フクオカケン,キタキュウシュウシヤハタニシク,ward,0
401307,40,福岡県,福岡市,フクオカケン,フクオカシ,designated_city,0
401315,40,福岡県,福岡市東区,フクオカケン,フクオカシヒガシク,ward,0
401323,40,福岡県,福岡市博多区,フクオカケン,フクオカシハカタク,ward,0
401331,40,福岡県,福岡市中央区,フクオカケン,フクオカシチュウオウク,ward,0
401340,40,福岡県,福岡市南区,フクオカケン,フクオカシミナミク,ward,0
401358,40,福岡県,福岡市西区,フクオカケン,フクオカシニシク,ward,0
401366,40,福岡県,福岡市城南区,フクオカケン,フクオカシジョウナンク,ward,0
401374,40,福岡県,福岡市早良区,フクオカケン,フクオカシサワラク,ward,0
402028,40,福岡県,大牟田市,フクオカケン,オオムタシ,city,0
402036,40,福岡県,久留米市,フクオカケン,クルメシ,city,0
402044,40,福岡県,直方市,フクオカケン,ノオガタシ,city,0
402052,40,福岡県,飯塚市,フクオカケン,イイヅカシ,city,0
402061,40,福岡県,田川市,フクオカケン,タガワシ,city,0
402079,40,福岡県,柳川市,フクオカケン,ヤナガワシ,city,0
402109,40,福岡県,八女市,フクオカケン,ヤメシ,city,0
402117,40,福岡県,筑後市,フクオカケン,チクゴシ,city,0
402125,40,福岡県,大川市,フクオカケン,オオカワシ,city,0
402133,40,福岡県,行橋市,フクオカケン,ユクハシシ,city,0
402141,40,福岡県,豊前市,フクオカケン,ブゼンシ,city,0
402150,40,福岡県,中間市,フクオカケン,ナカマシ,city,0
402168,40,福岡県,小郡市,フクオカケン,オゴオリシ,city,0
402176,40,福岡県,筑紫野市,フクオカケン,チクシノシ,city,0
402184,40,福岡県,春日市,フクオカケン,カスガシ,city,0
402192,40,福岡県,大野城市,フクオカケン,オオノジョウシ,city,0
402206,40,福岡県,宗像市,フクオカケン,ムナカタシ,city,0
402214,40,福岡県,太宰府市,フクオカケン,ダザイフシ,city,0
402231,40,福岡県,古賀市,フクオカケン,コガシ,city,0
402249,40,福岡県,福津市,フクオカケン,フクツシ,city,0
402257,40,福岡県,うきは市,フクオカケン,ウキハシ,city,0
402265,40,福岡県,宮若市,フクオカケン,ミヤワカシ,city,0
402273,40,福岡県,嘉麻市,フクオカケン,カマシ,city,0
402281,40,福岡県,朝倉市,フクオカケン,アサクラシ,city,0
402290,40,福岡県,みやま市,フクオカケン,ミヤマシ,city,0
402303,40,福岡県,糸島市,フクオカケン,イトシマシ,city,0
402311,40,福岡県,那珂川市,フクオカケン,ナカガワシ,city,0
403415,40,福岡県,宇美町,フクオカケン,ウミマチ,town,0
403423,40,福岡県,篠栗町,フクオカケン,ササグリマチ,town,0
403431,40,福岡県,志免町,フクオカケン,シメマチ,town,0
403440,40,福岡県,須恵町,フクオカケン,スエマチ,town,0
403458,40,福岡県,新宮町,フクオカケン,シングウマチ,town,0
403482,40,福岡県,久山町,フクオカケン,ヒサヤママチ,town,0
403491,40,福岡県,粕屋町,フクオカケン,カスヤマチ,town,0
403814,40,福岡県,芦屋町,フクオカケン,アシヤマチ,town,0
403822,40,福岡県,水巻町,フクオカケン,ミズマキマチ,town,0
403831,40,福岡県,岡垣町,フクオカケン,オカガキマチ,town,0
403849,40,福岡県,遠賀町,フクオカケン,オンガチョウ,town,0
404012,40,福岡県,小竹町,フクオカケン,コタケマチ,town,0
404021,40,福岡県,鞍手町,フクオカケン,クラテマチ,town,0
404217,40,福岡県,桂川町,フクオカケン,ケイセンマチ,town,0
404471,40,福岡県,筑前町,フクオカケン,チクゼンマチ,town,0
404489,40,福岡県,東峰村,フクオカケン,トウホウムラ,village,0
405035,40,福岡県,大刀洗町,フクオカケン,タチアライマチ,town,0
405221,40,福岡県,大木町,フクオカケン,オオキマチ,town,0
405442,40,福岡県,広川町,フクオカケン,ヒロカワマチ,town,0
406015,40,福岡県,香春町,フクオカケン,カワラマチ,town,0
406023,40,福岡県,添田町,フクオカケン,ソエダマチ,town,0
406040,40,福岡県,糸田町,フクオカケン,イトダマチ,town,0
406058,40,福岡県,川崎町,フクオカケン,カワサキマチ,town,0
406082,40,福岡県,大任町,フクオカケン,オオトウマチ,town,0
406091,40,福岡県,赤村,フクオカケン,アカムラ,village,0
406104,40,福岡県,福智町,フクオカケン,フクチマチ,town,0
406210,40,福岡県,苅田町,フクオカケン,カンダマチ,town,0
406252,40,福岡県,みやこ町,フクオカケン,ミヤコマチ,town,0
406422,40,福岡県,吉富町,フクオカケン,ヨシトミマチ,town,0
406465,40,福岡県,上毛町,フクオカケン,コウゲマチ,town,0
406473,40,福岡県,築上町,フクオカケン,チクジョウマチ,town,0
410004,41,佐賀県,,サガケン,,pref,0
412015,41,佐賀県,佐賀市,サガケン,サガシ,city,0
412023,41,佐賀県,唐津市,サガケン,カラツシ,city,0
412031,41,佐賀県,鳥栖市,サガケン,トスシ,city,0
412040,41,佐賀県,多久市,サガケン,タクシ,city,0
412058,41,佐賀県,伊万里市,サガケン,イマリシ,city,0
412066,41,佐賀県,武雄市,サガケン,タケオシ,city,0
412074,41,佐賀県,鹿島市,サガケン,カシマシ,city,0
412082,41,佐賀県,小城市,サガケン,オギシ,city,0
412091,41,佐賀県,嬉野市,サガケン,ウレシノシ,city,0
412104,41,佐賀県,神埼市,サガケン,カンザキシ,city,0
413275,41,佐賀県,吉野ヶ里町,サガケン,ヨシノガリチョウ,town,0
413411,41,佐賀県,基山町,サガケン,キヤマチョウ,town,0
413453,41,佐賀県,上峰町,サガケン,カミミネチョウ,town,0
413461,41,佐賀県,みやき町,サガケン,ミヤキチョウ,town,0
413879,41,佐賀県,玄海町,サガケン,ゲンカイチョウ,town,0
414018,41,佐賀県,有田町,サガケン,アリタチョウ,town,0
414239,41,佐賀県,大町町,サガケン,オオマチチョウ,town,0
414247,41,佐賀県,江北町,サガケン,コウホクマチ,town,0
414255,41,佐賀県,白石町,サガケン,シロイシチョウ,town,0
414417,41,佐賀県,太良町,サガケン,タラチョウ,town,0
420000,42,長崎県,,ナガサキケン,,pref,0
422011,42,長崎県,長崎市,ナガサキケン,ナガサキシ,city,0
422029,42,長崎県,佐世保市,ナガサキケン,サセボシ,city,0
422037,42,長崎県,島原市,ナガサキケン,シマバラシ,city,0
422045,42,長崎県,諫早市,ナガサキケン,イサハヤシ,city,0
422053,42,長崎県,大村市,ナガサキケン,オオムラシ,city,0
422070,42,長崎県,平戸市,ナガサキケン,ヒラドシ,city,0
422088,42,長崎県,松浦市,ナガサキケン,マツウラシ,city,0
422096,42,長崎県,対馬市,ナガサキケン,ツシマシ,city,0
422100,42,長崎県,壱岐市,ナガサキケン,イキシ,city,0
422118,42,長崎県,五島市,ナガサキケン,ゴトウシ,city,0
422126,42,長崎県,西海市,ナガサキケン,サイカイシ,city,0
422134,42,長崎県,雲仙市,ナガサキケン,ウンゼンシ,city,0
422142,42,長崎県,南島原市,ナガサキケン,ミナミシマバラシ,city,0
423076,42,長崎県,長与町,ナガサキケン,ナガヨチョウ,town,0
423084,42,長崎県,時津町,ナガサキケン,トギツチョウ,town,0
423211,42,長崎県,東彼杵町,ナガサキケン,ヒガシソノギチョウ,town,0
423220,42,長崎県,川棚町,ナガサキケン,カワタナチョウ,town,0
423238,42,長崎県,波佐見町,ナガサキケン,ハサミチョウ,town,0
423831,42,長崎県,小値賀町,ナガサキケン,オヂカチョウ,town,0
423912,42,長崎県,佐々町,ナガサキケン,サザチョウ,town,0
424111,42,長崎県,新上五島町,ナガサキケン,シンカミゴトウチョウ,town,0
430005,43,熊本県,,クマモトケン,,pref,0
431001,43,熊本県,熊本市,クマモトケン,クマモトシ,designated_city,0
431010,43,熊本県,熊本市中央区,クマモトケン,クマモトシチュウオウク,ward,0
431028,43,熊本県,熊本市東区,クマモトケン,クマモトシヒガシク,ward,0
431036,43,熊本県,熊本市西区,クマモトケン,クマモトシニシク,ward,0
431044,43,熊本県,熊本市南区,クマモトケン,クマモトシミナミク,ward,0
431052,43,熊本県,熊本市北区,クマモトケン,クマモトシキタク,ward,0
432024,43,熊本県,八代市,クマモトケン,ヤツシロシ,city,0
432032,43,熊本県,人吉市,クマモトケン,ヒトヨシシ,city,0
432041,43,熊本県,荒尾市,クマモトケン,アラオシ,city,0
432059,43,熊本県,水俣市,クマモトケン,ミナマタシ,city,0
432067,43,熊本県,玉名市,クマモトケン,タマナシ,city,0
432083,43,熊本県,山鹿市,クマモトケン,ヤマガシ,city,0
432105,43,熊本県,菊池市,クマモトケン,キクチシ,city,0
432113,43,熊本県,宇土市,クマモトケン,ウトシ,city,0
432121,43,熊本県,上天草市,クマモトケン,カミアマクサシ,city,0
432130,43,熊本県,宇城市,クマモトケン,ウキシ,city,0
432148,43,熊本県,阿蘇市,クマモトケン,アソシ,city,0
432156,43,熊本県,天草市,クマモトケン,アマクサシ,city,0
432164,43,熊本県,合志市,クマモトケン,コウシシ,city,0
433489,43,熊本県,美里町,クマモトケン,ミサトマチ,town,0
433641,43,熊本県,玉東町,クマモトケン,ギョクトウマチ,town,0
433675,43,熊本県,南関町,クマモトケン,ナンカンマチ,town,0
433683,43,熊本県,長洲町,クマモトケン,ナガスマチ,town,0
433691,43,熊本県,和水町,クマモトケン,ナゴミマチ,town,0
434035,43,熊本県,大津町,クマモトケン,オオヅマチ,town,0
434043,43,熊本県,菊陽町,クマモトケン,キクヨウマチ,town,0
434230,43,熊本県,南小国町,クマモトケン,ミナミオグニマチ,town,0
434248,43,熊本県,小国町,クマモトケン,オグニマチ,town,0
434256,43,熊本県,産山村,クマモトケン,ウブヤマムラ,village,0
434281,43,熊本県,高森町,クマモトケン,タカモリマチ,town,0
434329,43,熊本県,西原村,クマモトケン,ニシハラムラ,village,0
434337,43,熊本県,南阿蘇村,クマモトケン,ミナミアソムラ,village,0
434418,43,熊本県,御船町,クマモトケン,ミフネマチ,town,0
434426,43,熊本県,嘉島町,クマモトケン,カシママチ,town,0
434434,43,熊本県,益城町,クマモトケン,マシキマチ,town,0
434442,43,熊本県,甲佐町,クマモトケン,コウサマチ,town,0
434477,43,熊本県,山都町,クマモトケン,ヤマトチョウ,town,0
434680,43,熊本県,氷川町,クマモトケン,ヒカワチョウ,town,0
434825,43,熊本県,芦北町,クマモトケン,アシキタマチ,town,0
434841,43,熊本県,津奈木町,クマモトケン,ツナギマチ,town,0
435015,43,熊本県,錦町,クマモトケン,ニシキマチ,town,0
435058,43,熊本県,多良木町,クマモトケン,タラギマチ,town,0
435066,43,熊本県,湯前町,クマモトケン,ユノマエマチ,town,0
435074,43,熊本県,水上村,クマモトケン,ミズカミムラ,village,0
435104,43,熊本県,相良村,クマモトケン,サガラムラ,village,0
435112,43,熊本県,五木村,クマモトケン,イツキムラ,village,0
435121,43,熊本県,山江村,クマモトケン,ヤマエムラ,village,0
435139,43,熊本県,球磨村,クマモトケン,クマムラ,village,0
435147,43,熊本県,あさぎり町,クマモトケン,アサギリチョウ,town,0
435317,43,熊本県,苓北町,クマモトケン,レイホクマチ,town,0
440001,44,大分県,,オオイタケン,,pref,0
442011,44,大分県,大分市,オオイタケン,オオイタシ,city,0
442020,44,大分県,別府市,オオイタケン,ベップシ,city,0
442038,44,大分県,中津市,オオイタケン,ナカツシ,city,0
442046,44,大分県,日田市,オオイタケン,ヒタシ,city,0
442054,44,大分県,佐伯市,オオイタケン,サイキシ,city,0
442062,44,大分県,臼杵市,オオイタケン,ウスキシ,city,0
442071,44,大分県,津久見市,オオイタケン,ツクミシ,city,0
442089,44,大分県,竹田市,オオイタケン,タケタシ,city,0
442097,44,大分県,豊後高田市,オオイタケン,ブンゴタカダシ,city,0
442101,44,大分県,杵築市,オオイタケン,キツキシ,city,0
442119,44,大分県,宇佐市,オオイタケン,ウサシ,city,0
442127,44,大分県,豊後大野市,オオイタケン,ブンゴオオノシ,city,0
442135,44,大分県,由布市,オオイタケン,ユフシ,city,0
442143,44,大分県,国東市,オオイタケン,クニサキシ,city,0
443221,44,大分県,姫島村,オオイタケン,ヒメシマムラ,village,0
443417,44,大分県,日出町,オオイタケン,ヒジマチ,town,0
444618,44,大分県,九重町,オオイタケン,ココノエマチ,town,0
444626,44,大分県,玖珠町,オオイタケン,クスマチ,town,0
450006,45,宮崎県,,ミヤザキケン,,pref,0
452017,45,宮崎県,宮崎市,ミヤザキケン,ミヤザキシ,city,0
452025,45,宮崎県,都城市,ミヤザキケン,ミヤコノジョウシ,city,0
452033,45,宮崎県,延岡市,ミヤザキケン,ノベオカシ,city,0
452041,45,宮崎県,日南市,ミヤザキケン,ニチナンシ,city,0
452050,45,宮崎県,小林市,ミヤザキケン,コバヤシシ,city,0
452068,45,宮崎県,日向市,ミヤザキケン,ヒュウガシ,city,0
452076,45,宮崎県,串間市,ミヤザキケン,クシマシ,city,0
452084,45,宮崎県,西都市,ミヤザキケン,サイトシ,city,0
452092,45,宮崎県,えびの市,ミヤザキケン,エビノシ,city,0
453412,45,宮崎県,三股町,ミヤザキケン,ミマタチョウ,town,0
453617,45,宮崎県,高原町,ミヤザキケン,タカハルチョウ,town,0
453820,45,宮崎県,国富町,ミヤザキケン,クニトミチョウ,town,0
453838,45,宮崎県,綾町,ミヤザキケン,アヤチョウ,town,0
454010,45,宮崎県,高鍋町,ミヤザキケン,タカナベチョウ,town,0
454028,45,宮崎県,新富町,ミヤザキケン,シントミチョウ,town,0
454036,45,宮崎県,西米良村,ミヤザキケン,ニシメラソン,village,0
454044,45,宮崎県,木城町,ミヤザキケン,キジョウチョウ,town,0
454052,45,宮崎県,川南町,ミヤザキケン,カワミナミチョウ,town,0
454061,45,宮崎県,都農町,ミヤザキケン,ツノチョウ,town,0
454214,45,宮崎県,門川町,ミヤザキケン,カドガワチョウ,town,0
454290,45,宮崎県,諸塚村,ミヤザキケン,モロツカソン,village,0
454303,45,宮崎県,椎葉村,ミヤザキケン,シイバソン,village,0
454311,45,宮崎県,美郷町,ミヤザキケン,ミサトチョウ,town,0
454419,45,宮崎県,高千穂町,ミヤザキケン,タカチホチョウ,town,0
454427,45,宮崎県,日之影町,ミヤザキケン,ヒノカゲチョウ,town,0
454435,45,宮崎県,五ヶ瀬町,ミヤザキケン,ゴカセチョウ,town,0
460001,46,鹿児島県,,カゴシマケン,,pref,0
462012,46,鹿児島県,鹿児島市,カゴシマケン,カゴシマシ,city,0
462039,46,鹿児島県,鹿屋市,カゴシマケン,カノヤシ,city,0
462047,46,鹿児島県,枕崎市,カゴシマケン,マクラザキシ,city,0
462063,46,鹿児島県,阿久根市,カゴシマケン,アクネシ,city,0
462080,46,鹿児島県,出水市,カゴシマケン,イズミシ,city,0
462101,46,鹿児島県,指宿市,カゴシマケン,イブスキシ,city,0
462136,46,鹿児島県,西之表市,カゴシマケン,ニシノオモテシ,city,0
462144,46,鹿児島県,垂水市,カゴシマケン,タルミズシ,city,0
462152,46,鹿児島県,薩摩川内市,カゴシマケン,サツマセンダイシ,city,0
462161,46,鹿児島県,日置市,カゴシマケン,ヒオキシ,city,0
462179,46,鹿児島県,曽於市,カゴシマケン,ソオシ,city,0
462187,46,鹿児島県,霧島市,カゴシマケン,キリシマシ,city,0
462195,46,鹿児島県,いちき串木野市,カゴシマケン,イチキクシキノシ,city,0
462209,46,鹿児島県,南さつま市,カゴシマケン,ミナミサツマシ,city,0
462217,46,鹿児島県,志布志市,カゴシマケン,シブシシ,city,0
462225,46,鹿児島県,奄美市,カゴシマケン,アマミシ,city,0
462233,46,鹿児島県,南九州市,カゴシマケン,ミナミキュウシュウシ,city,0
462241,46,鹿児島県,伊佐市,カゴシマケン,イサシ,city,0
462250,46,鹿児島県,姶良市,カゴシマケン,アイラシ,city,0
463035,46,鹿児島県,三島村,カゴシマケン,ミシマムラ,village,0
463043,46,鹿児島県,十島村,カゴシマケン,トシマムラ,village,0
463922,46,鹿児島県,さつま町,カゴシマケン,サツマチョウ,town,0
464040,46,鹿児島県,長島町,カゴシマケン,ナガシマチョウ,town,0
464520,46,鹿児島県,湧水町,カゴシマケン,ユウスイチョウ,town,0
464686,46,鹿児島県,大崎町,カゴシマケン,オオサキチョウ,town,0
464821,46,鹿児島県,東串良町,カゴシマケン,ヒガシクシラチョウ,town,0
464902,46,鹿児島県,錦江町,カゴシマケン,キンコウチョウ,town,0
464911,46,鹿児島県,南大隅町,カゴシマケン,ミナミオオスミチョウ,town,0
464929,46,鹿児島県,肝付町,カゴシマケン,キモツキチョウ,town,0
465011,46,鹿児島県,中種子町,カゴシマケン,ナカタネチョウ,town,0
465020,46,鹿児島県,南種子町,カゴシマケン,ミナミタネチョウ,town,0
465054,46,鹿児島県,屋久島町,カゴシマケン,ヤクシマチョウ,town,0
465232,46,鹿児島県,大和村,カゴシマケン,ヤマトソン,village,0
465241,46,鹿児島県,宇検村,カゴシマケン,ウケンソン,village,0
465259,46,鹿児島県,瀬戸内町,カゴシマケン,セトウチチョウ,town,0
465275,46,鹿児島県,龍郷町,カゴシマケン,タツゴウチョウ,town,0
465291,46,鹿児島県,喜界町,カゴシマケン,キカイチョウ,town,0
465305,46,鹿児島県,徳之島町,カゴシマケン,トクノシマチョウ,town,0
465313,46,鹿児島県,天城町,カゴシマケン,アマギチョウ,town,0
465321,46,鹿児島県,伊仙町,カゴシマケン,イセンチョウ,town,0
465330,46,鹿児島県,和泊町,カゴシマケン,ワドマリチョウ,town,0
465348,46,鹿児島県,知名町,カゴシマケン,チナチョウ,town,0
465356,46,鹿児島県,与論町,カゴシマケン,ヨロンチョウ,town,0
470007,47,沖縄県,,オキナワケン,,pref,0
472018,47,沖縄県,那覇市,オキナワケン,ナハシ,city,0
472051,47,沖縄県,宜野湾市,オキナワケン,ギノワンシ,city,0
472077,47,沖縄県,石垣市,オキナワケン,イシガキシ,city,0
472085,47,沖縄県,浦添市,オキナワケン,ウラソエシ,city,0
472093,47,沖縄県,名護市,オキナワケン,ナゴシ,city,0
472107,47,沖縄県,糸満市,オキナワケン,イトマンシ,city,0
472115,47,沖縄県,沖縄市,オキナワケン,オキナワシ,city,0
472123,47,沖縄県,豊見城市,オキナワケン,トミグスクシ,city,0
472131,47,沖縄県,うるま市,オキナワケン,ウルマシ,city,0
472140,47,沖縄県,宮古島市,オキナワケン,ミヤコジマシ,city,0
472158,47,沖縄県,南城市,オキナワケン,ナンジョウシ,city,0
473014,47,沖縄県,国頭村,オキナワケン,クニガミソン,village,0
473022,47,沖縄県,大宜味村,オキナワケン,オオギミソン,village,0
473031,47,沖縄県,東村,オキナワケン,ヒガシソン,village,0
473065,47,沖縄県,今帰仁村,オキナワケン,ナキジンソン,village,0
473081,47,沖縄県,本部町,オキナワケン,モトブチョウ,town,0
473111,47,沖縄県,恩納村,オキナワケン,オンナソン,village,0
473138,47,沖縄県,宜野座村,オキナワケン,ギノザソン,village,0
473146,47,沖縄県,金武町,オキナワケン,キンチョウ,town,0
473154,47,沖縄県,伊江村,オキナワケン,イエソン,village,0
473243,47,沖縄県,読谷村,オキナワケン,ヨミタンソン,village,0
473251,47,沖縄県,嘉手納町,オキナワケン,カデナチョウ,town,0
473260,47,沖縄県,北谷町,オキナワケン,チヤタンチョウ,town,0
473278,47,沖縄県,北中城村,オキナワケン,キタナカグスクソン,village,0
473286,47,沖縄県,中城村,オキナワケン,ナカグスクソン,village,0
473294,47,沖縄県,西原町,オキナワケン,ニシハラチョウ,town,0
473481,47,沖縄県,与那原町,オキナワケン,ヨナバルチョウ,town,0
473502,47,沖縄県,南風原町,オキナワケン,ハエバルチョウ,town,0
473537,47,沖縄県,渡嘉敷村,オキナワケン,トカシキソン,village,0
473545,47,沖縄県,座間味村,オキナワケン,ザマミソン,village,0
473553,47,沖縄県,粟国村,オキナワケン,アグニソン,village,0
473561,47,沖縄県,渡名喜村,オキナワケン,トナキソン,village,0
473570,47,沖縄県,南大東村,オキナワケン,ミナミダイトウソン,village,0
473588,47,沖縄県,北大東村,オキナワケン,キタダイトウソン,village,0
473596,47,沖縄県,伊平屋村,オキナワケン,イヘヤソン,village,0
473600,47,沖縄県,伊是名村,オキナワケン,イゼナソン,village,0
473618,47,沖縄県,久米島町,オキナワケン,クメジマチョウ,town,0
473626,47,沖縄県,八重瀬町,オキナワケン,ヤエセチョウ,town,0
473758,47,沖縄県,多良間村,オキナワケン,タラマソン,village,0
473812,47,沖縄県,竹富町,オキナワケン,タケトミチョウ,town,0
473821,47,沖縄県,与那国町,オキナワケン,ヨナグニチョウ,town,0
